home_team,away_team,date,deflections,charges_drawn,screen_assists,loose_balls_recovered,box_outs,pts_off_tov,second_chance_pts,fastbreak_pts,pts_in_paint,distance_run,hocket_assists,total_passes
TOR,NOP,2019-10-22,39,8,15,18,42,42.0,28.0,33.0,94.0,40.29,11,742
LAC,LAL,2019-10-22,34,4,14,23,46,42.0,18.0,27.0,82.0,33.480000000000004,6,557
CHO,CHI,2019-10-23,23,2,10,17,20,42.0,29.0,46.0,120.0,37.71,7,600
ORL,CLE,2019-10-23,21,2,25,8,37,22.0,15.0,24.0,92.0,36.09,6,575
IND,DET,2019-10-23,38,1,18,14,26,31.0,36.0,20.0,96.0,35.620000000000005,4,592
PHI,BOS,2019-10-23,24,4,12,16,49,31.0,33.0,22.0,102.0,35.43,3,525
MIA,MEM,2019-10-23,32,1,21,13,25,48.0,31.0,32.0,116.0,38.1,3,608
BKN,MIN,2019-10-23,30,0,43,13,29,29.0,22.0,28.0,120.0,37.68,3,556
SAS,NYK,2019-10-23,29,1,18,14,40,48.0,21.0,59.0,112.0,37.81,6,553
DAL,WAS,2019-10-23,27,2,11,12,21,35.0,31.0,34.0,80.0,36.129999999999995,2,618
UTA,OKC,2019-10-23,23,2,26,6,45,18.0,19.0,25.0,92.0,34.3,3,494
POR,DEN,2019-10-23,32,2,11,8,21,30.0,30.0,22.0,76.0,35.94,8,575
PHO,SAC,2019-10-23,34,0,14,18,48,41.0,33.0,38.0,102.0,36.7,5,538
DET,ATL,2019-10-24,28,1,20,18,46,33.0,20.0,22.0,96.0,33.849999999999994,5,542
HOU,MIL,2019-10-24,25,5,11,17,40,31.0,24.0,44.0,80.0,35.64,6,557
GSW,LAC,2019-10-24,36,2,22,10,25,34.0,19.0,44.0,98.0,36.370000000000005,6,619
CHO,MIN,2019-10-25,36,0,13,15,26,38.0,24.0,22.0,100.0,36.1,4,645
BOS,TOR,2019-10-25,28,4,21,12,35,34.0,23.0,22.0,90.0,34.32,5,599
BKN,NYK,2019-10-25,21,1,28,15,46,53.0,27.0,34.0,66.0,33.46,4,494
MEM,CHI,2019-10-25,33,0,15,24,47,28.0,34.0,41.0,108.0,36.23,4,578
NOP,DAL,2019-10-25,38,1,14,18,17,37.0,21.0,43.0,110.0,37.48,6,617
OKC,WAS,2019-10-25,22,3,13,20,36,28.0,16.0,17.0,88.0,36.010000000000005,5,594
DEN,PHO,2019-10-25,27,4,13,19,48,37.0,17.0,24.0,96.0,37.26,7,624
SAC,POR,2019-10-25,34,1,25,9,25,45.0,31.0,14.0,84.0,36.15,8,532
LAL,UTA,2019-10-25,34,1,16,16,59,39.0,19.0,27.0,78.0,31.68,7,499
MIL,MIA,2019-10-26,24,5,27,8,68,43.0,18.0,36.0,90.0,40.93,4,622
DET,PHI,2019-10-26,38,0,20,30,30,54.0,18.0,17.0,104.0,36.66,8,559
NYK,BOS,2019-10-26,23,1,23,17,47,52.0,37.0,18.0,90.0,35.61,5,582
ATL,ORL,2019-10-26,23,2,15,13,33,29.0,36.0,22.0,110.0,34.959999999999994,2,520
CLE,IND,2019-10-26,30,3,19,22,23,40.0,23.0,17.0,98.0,36.61,4,609
HOU,NOP,2019-10-26,43,2,11,21,26,45.0,35.0,30.0,108.0,37.09,7,589
CHI,TOR,2019-10-26,29,4,7,24,53,38.0,21.0,32.0,76.0,35.04,7,597
SAS,WAS,2019-10-26,26,1,21,8,29,28.0,32.0,25.0,108.0,36.349999999999994,5,567
UTA,SAC,2019-10-26,27,2,17,16,28,37.0,13.0,16.0,82.0,35.22,6,555
PHO,LAC,2019-10-26,29,3,14,14,57,40.0,25.0,31.0,92.0,37.32,4,614
OKC,GSW,2019-10-27,37,1,12,20,34,47.0,22.0,21.0,86.0,36.76,9,650
MEM,BKN,2019-10-27,27,0,29,18,23,34.0,30.0,36.0,110.0,41.099999999999994,9,620
MIN,MIA,2019-10-27,40,3,20,17,32,31.0,29.0,12.0,94.0,34.04,5,574
DAL,POR,2019-10-27,25,1,21,13,52,37.0,26.0,32.0,82.0,36.42,7,481
LAL,CHO,2019-10-27,29,3,12,19,30,20.0,37.0,42.0,118.0,34.2,4,600
NYK,CHI,2019-10-28,31,2,9,18,16,32.0,39.0,21.0,96.0,34.129999999999995,5,581
DET,IND,2019-10-28,26,1,14,12,21,30.0,35.0,19.0,94.0,35.32,3,547
TOR,ORL,2019-10-28,39,2,17,14,44,31.0,15.0,33.0,72.0,36.79,5,589
ATL,PHI,2019-10-28,38,2,15,13,41,41.0,22.0,10.0,88.0,35.86,8,567
MIL,CLE,2019-10-28,20,1,30,9,44,31.0,29.0,35.0,108.0,36.31999999999999,7,554
NOP,GSW,2019-10-28,53,0,14,24,38,41.0,43.0,34.0,128.0,36.93,9,635
HOU,OKC,2019-10-28,22,5,11,13,38,31.0,34.0,22.0,110.0,32.99,7,501
SAS,POR,2019-10-28,27,2,33,24,16,32.0,29.0,40.0,100.0,37.980000000000004,9,534
SAC,DEN,2019-10-28,31,0,13,25,21,23.0,30.0,22.0,82.0,33.599999999999994,3,577
PHO,UTA,2019-10-28,27,3,20,17,61,31.0,11.0,28.0,66.0,36.34,6,556
LAC,CHO,2019-10-28,35,4,20,15,37,57.0,28.0,24.0,92.0,34.46,5,607
MIA,ATL,2019-10-29,44,3,13,19,34,41.0,26.0,18.0,78.0,36.19,7,610
DEN,DAL,2019-10-29,22,2,18,24,24,17.0,32.0,17.0,100.0,32.02,4,547
LAL,MEM,2019-10-29,37,2,21,10,33,40.0,35.0,39.0,90.0,32.22,3,506
CLE,CHI,2019-10-30,23,1,11,4,37,30.0,38.0,23.0,104.0,36.2,5,600
PHI,MIN,2019-10-30,35,4,14,20,25,41.0,34.0,33.0,102.0,33.41,2,551
ORL,NYK,2019-10-30,20,1,15,22,36,26.0,28.0,11.0,58.0,33.06,5,594
TOR,DET,2019-10-30,33,2,18,17,24,43.0,15.0,34.0,108.0,33.44,7,575
BKN,IND,2019-10-30,43,1,27,9,37,44.0,23.0,12.0,112.0,31.96,4,470
BOS,MIL,2019-10-30,27,3,26,11,37,30.0,18.0,18.0,68.0,36.230000000000004,7,600
WAS,HOU,2019-10-30,25,4,13,21,30,40.0,41.0,30.0,114.0,32.46,11,514
OKC,POR,2019-10-30,31,2,24,14,39,27.0,23.0,23.0,74.0,29.02,2,461
SAC,CHO,2019-10-30,30,0,10,14,20,46.0,38.0,27.0,114.0,37.09,9,608
UTA,LAC,2019-10-30,25,2,35,8,25,40.0,18.0,18.0,100.0,35.019999999999996,6,564
GSW,PHO,2019-10-30,36,0,14,9,38,49.0,32.0,43.0,112.0,37.230000000000004,7,657
ATL,MIA,2019-10-31,29,1,18,15,54,43.0,31.0,30.0,102.0,36.21,2,576
NOP,DEN,2019-10-31,34,3,16,9,37,42.0,10.0,57.0,108.0,33.97,3,596
LAC,SAS,2019-10-31,41,2,23,20,26,32.0,21.0,33.0,98.0,35.33,3,506
IND,CLE,2019-11-01,30,1,16,10,30,24.0,16.0,34.0,94.0,37.459999999999994,3,549
BKN,HOU,2019-11-01,29,1,14,15,17,47.0,17.0,32.0,98.0,35.45,4,487
ORL,MIL,2019-11-01,38,2,21,15,48,45.0,21.0,38.0,86.0,33.28,4,493
BOS,NYK,2019-11-01,35,0,9,11,21,18.0,25.0,33.0,72.0,36.3,6,593
CHI,DET,2019-11-01,39,1,22,19,23,38.0,25.0,21.0,106.0,35.83,6,596
DAL,LAL,2019-11-01,36,2,17,15,26,45.0,27.0,25.0,112.0,35.5,5,545
SAC,UTA,2019-11-01,34,0,28,15,32,42.0,21.0,15.0,90.0,35.68,5,495
GSW,SAS,2019-11-01,18,0,23,12,24,24.0,31.0,30.0,84.0,36.84,3,612
OKC,NOP,2019-11-02,49,2,18,21,33,36.0,35.0,15.0,98.0,36.83,3,598
DET,BKN,2019-11-02,28,1,22,14,11,23.0,29.0,21.0,112.0,35.06,4,498
ORL,DEN,2019-11-02,26,1,18,24,19,39.0,22.0,14.0,78.0,34.03,5,579
WAS,MIN,2019-11-02,37,3,20,15,34,42.0,22.0,24.0,80.0,34.81,5,615
MEM,PHO,2019-11-02,43,4,19,13,39,38.0,32.0,31.0,110.0,34.900000000000006,5,537
MIL,TOR,2019-11-02,25,5,16,18,23,30.0,23.0,30.0,80.0,35.11,4,615
GSW,CHO,2019-11-02,37,2,21,14,26,26.0,23.0,17.0,90.0,34.150000000000006,4,608
POR,PHI,2019-11-02,28,2,20,19,26,35.0,24.0,37.0,124.0,35.59,6,567
IND,CHI,2019-11-03,30,0,11,10,29,35.0,22.0,17.0,104.0,37.06,6,598
MIA,HOU,2019-11-03,37,0,11,15,32,49.0,18.0,31.0,82.0,35.78,4,589
NYK,SAC,2019-11-03,27,2,12,10,35,29.0,28.0,18.0,82.0,35.32,7,563
SAS,LAL,2019-11-03,34,3,11,15,26,28.0,19.0,35.0,86.0,34.39,5,491
CLE,DAL,2019-11-03,26,2,20,12,28,31.0,33.0,19.0,80.0,35.83,3,524
LAC,UTA,2019-11-03,30,3,19,11,43,24.0,37.0,15.0,80.0,34.44,6,522
WAS,DET,2019-11-04,31,1,18,16,21,29.0,30.0,18.0,82.0,30.53,2,493
BKN,NOP,2019-11-04,33,0,32,19,54,54.0,33.0,39.0,106.0,36.6,9,568
MEM,HOU,2019-11-04,36,1,18,20,47,46.0,26.0,37.0,102.0,33.129999999999995,4,501
MIN,MIL,2019-11-04,31,3,34,21,27,35.0,30.0,24.0,100.0,36.34,1,596
PHO,PHI,2019-11-04,33,3,22,15,21,42.0,10.0,23.0,80.0,35.92,8,612
GSW,POR,2019-11-04,37,1,23,18,27,9.0,26.0,25.0,104.0,36.849999999999994,2,548
CLE,BOS,2019-11-05,24,1,27,13,33,16.0,22.0,17.0,104.0,35.14,2,513
CHO,IND,2019-11-05,20,4,16,11,27,39.0,24.0,22.0,118.0,38.36,9,620
ATL,SAS,2019-11-05,31,2,18,18,23,29.0,21.0,19.0,84.0,37.400000000000006,6,528
CHI,LAL,2019-11-05,36,0,23,23,18,43.0,27.0,40.0,100.0,36.269999999999996,2,576
OKC,ORL,2019-11-05,25,2,17,13,23,36.0,32.0,9.0,86.0,35.93,5,575
DEN,MIA,2019-11-05,39,2,16,15,15,40.0,21.0,29.0,102.0,33.91,5,627
DET,NYK,2019-11-06,47,0,20,13,18,32.0,18.0,21.0,96.0,33.239999999999995,5,600
IND,WAS,2019-11-06,22,2,25,16,45,50.0,36.0,39.0,86.0,35.39,3,633
ATL,CHI,2019-11-06,30,3,15,13,32,54.0,17.0,24.0,94.0,37.739999999999995,6,622
HOU,GSW,2019-11-06,36,1,9,21,31,37.0,39.0,21.0,84.0,36.32,8,568
TOR,SAC,2019-11-06,38,1,13,14,27,31.0,15.0,28.0,84.0,36.8,4,624
MEM,MIN,2019-11-06,32,1,21,17,32,27.0,29.0,39.0,116.0,35.03,7,568
DAL,ORL,2019-11-06,35,3,25,15,24,24.0,32.0,34.0,106.0,36.33,2,569
UTA,PHI,2019-11-06,36,0,27,13,49,35.0,25.0,22.0,92.0,32.71,2,507
LAC,MIL,2019-11-06,25,5,18,12,24,37.0,31.0,33.0,92.0,37.24,5,566
CHO,BOS,2019-11-07,30,1,16,21,12,29.0,13.0,21.0,104.0,36.04,6,602
SAS,OKC,2019-11-07,21,0,19,13,17,24.0,8.0,31.0,96.0,34.19,4,542
PHO,MIA,2019-11-07,26,1,18,13,17,34.0,21.0,22.0,102.0,36.15,4,580
LAC,POR,2019-11-07,27,0,28,20,28,34.0,35.0,36.0,100.0,35.56,2,497
WAS,CLE,2019-11-08,29,0,18,16,20,30.0,42.0,18.0,116.0,34.92,9,573
IND,DET,2019-11-08,29,0,20,14,21,36.0,33.0,34.0,98.0,36.44,9,558
ORL,MEM,2019-11-08,28,0,16,16,27,38.0,28.0,27.0,96.0,36.78,9,644
ATL,SAC,2019-11-08,38,1,18,15,24,33.0,27.0,21.0,102.0,34.74,3,522
MIN,GSW,2019-11-08,37,1,31,20,24,48.0,48.0,12.0,104.0,40.81,2,627
NOP,TOR,2019-11-08,22,0,19,13,48,46.0,31.0,52.0,98.0,35.879999999999995,6,602
DAL,NYK,2019-11-08,24,4,11,20,46,20.0,15.0,24.0,66.0,33.61,2,570
UTA,MIL,2019-11-08,24,1,14,21,44,39.0,30.0,22.0,78.0,35.59,4,532
DEN,PHI,2019-11-08,35,2,18,11,15,35.0,16.0,24.0,78.0,34.09,8,571
POR,BKN,2019-11-08,21,0,22,16,23,23.0,43.0,25.0,96.0,33.480000000000004,2,426
LAL,MIA,2019-11-08,29,0,11,14,26,28.0,25.0,16.0,98.0,32.72,6,591
SAS,BOS,2019-11-09,23,1,25,19,31,26.0,29.0,31.0,90.0,35.91,6,573
CHO,NOP,2019-11-09,35,2,10,18,31,56.0,23.0,29.0,90.0,38.25,7,638
MEM,DAL,2019-11-09,31,1,31,23,14,54.0,27.0,24.0,120.0,35.38,6,585
OKC,GSW,2019-11-09,36,2,23,19,22,50.0,21.0,18.0,92.0,35.620000000000005,8,641
CHI,HOU,2019-11-09,41,1,13,11,30,43.0,22.0,53.0,98.0,35.79,3,511
MIN,DEN,2019-11-10,25,3,22,14,35,31.0,30.0,13.0,100.0,38.650000000000006,5,676
PHI,CHO,2019-11-10,36,0,17,17,28,41.0,24.0,22.0,100.0,34.18000000000001,5,577
ORL,IND,2019-11-10,28,0,35,7,20,36.0,26.0,15.0,90.0,31.11,2,512
OKC,MIL,2019-11-10,42,1,19,10,25,33.0,15.0,16.0,104.0,35.76,7,627
NYK,CLE,2019-11-10,26,0,18,20,38,41.0,26.0,34.0,82.0,34.43,1,569
PHO,BKN,2019-11-10,33,3,20,13,31,42.0,19.0,32.0,116.0,34.28,8,566
POR,ATL,2019-11-10,34,0,24,21,27,25.0,26.0,30.0,108.0,38.86,3,531
LAL,TOR,2019-11-10,21,2,9,15,43,31.0,25.0,40.0,102.0,34.85,5,576
DET,MIN,2019-11-11,28,2,14,14,29,40.0,24.0,37.0,84.0,35.55,11,593
BOS,DAL,2019-11-11,22,0,14,11,26,28.0,25.0,18.0,96.0,35.59,7,568
SAS,MEM,2019-11-11,25,0,20,18,30,19.0,23.0,19.0,80.0,35.120000000000005,8,596
NOP,HOU,2019-11-11,38,2,19,30,26,33.0,29.0,42.0,104.0,36.65,5,588
LAC,TOR,2019-11-11,31,4,5,18,18,48.0,22.0,38.0,90.0,35.28,5,594
GSW,UTA,2019-11-11,34,0,35,13,15,25.0,15.0,24.0,88.0,36.94,6,627
PHI,CLE,2019-11-12,40,3,20,24,35,30.0,33.0,38.0,114.0,35.16,6,526
IND,OKC,2019-11-12,30,1,21,16,28,29.0,16.0,24.0,90.0,33.71,7,525
MIA,DET,2019-11-12,29,3,14,14,32,46.0,26.0,25.0,84.0,36.31,10,607
CHI,NYK,2019-11-12,34,2,18,22,42,50.0,30.0,30.0,98.0,35.82,7,580
DEN,ATL,2019-11-12,24,2,13,20,30,21.0,28.0,30.0,110.0,36.43,6,553
UTA,BKN,2019-11-12,14,1,27,11,26,32.0,29.0,22.0,108.0,35.54,4,516
PHO,LAL,2019-11-12,18,2,20,11,32,40.0,32.0,22.0,116.0,34.29,8,608
SAC,POR,2019-11-12,32,1,17,14,31,28.0,19.0,26.0,70.0,35.93,6,531
CHO,MEM,2019-11-13,24,2,19,9,37,43.0,22.0,24.0,104.0,36.57,6,623
ORL,PHI,2019-11-13,20,2,29,9,52,32.0,14.0,34.0,104.0,35.019999999999996,4,554
HOU,LAC,2019-11-13,26,0,17,20,43,23.0,24.0,19.0,78.0,32.79,4,510
BOS,WAS,2019-11-13,18,3,21,14,30,31.0,21.0,43.0,114.0,34.54,6,603
MIN,SAS,2019-11-13,33,0,29,22,29,24.0,17.0,11.0,116.0,36.16,8,583
LAL,GSW,2019-11-13,32,1,12,17,14,48.0,31.0,27.0,100.0,33.22,11,620
POR,TOR,2019-11-13,26,1,15,9,28,34.0,27.0,28.0,72.0,35.09,7,542
CLE,MIA,2019-11-14,36,3,24,16,24,49.0,20.0,31.0,94.0,35.209999999999994,2,537
MIL,CHI,2019-11-14,38,2,16,29,31,45.0,32.0,42.0,102.0,37.769999999999996,2,570
NYK,DAL,2019-11-14,32,2,9,15,37,35.0,52.0,7.0,94.0,34.96,5,623
NOP,LAC,2019-11-14,26,4,30,21,27,30.0,29.0,27.0,108.0,37.76,11,605
PHO,ATL,2019-11-14,33,2,12,15,46,42.0,30.0,30.0,110.0,36.760000000000005,7,561
DEN,BKN,2019-11-14,22,3,9,16,30,12.0,22.0,23.0,98.0,30.880000000000003,5,485
CHO,DET,2019-11-15,26,4,12,13,21,38.0,24.0,26.0,102.0,35.55,5,557
ORL,SAS,2019-11-15,25,1,23,16,25,41.0,31.0,33.0,82.0,36.05,5,544
HOU,IND,2019-11-15,26,2,13,20,32,23.0,20.0,23.0,96.0,35.06,0,541
OKC,PHI,2019-11-15,37,1,24,12,33,38.0,26.0,18.0,102.0,37.980000000000004,7,689
MEM,UTA,2019-11-15,27,1,30,12,48,24.0,36.0,30.0,104.0,36.489999999999995,4,582
MIN,WAS,2019-11-15,33,2,19,13,29,40.0,31.0,27.0,138.0,37.129999999999995,5,632
GSW,BOS,2019-11-15,31,2,14,17,31,41.0,24.0,38.0,88.0,36.64,6,631
LAL,SAC,2019-11-15,46,2,17,28,25,22.0,20.0,29.0,78.0,34.25,6,583
CHI,BKN,2019-11-16,29,4,14,19,47,42.0,30.0,27.0,92.0,37.900000000000006,10,593
IND,MIL,2019-11-16,25,0,18,19,21,31.0,21.0,35.0,82.0,35.96,3,556
NYK,CHO,2019-11-16,28,1,15,12,34,28.0,29.0,18.0,82.0,34.54,5,621
MIN,HOU,2019-11-16,24,0,22,19,42,32.0,33.0,28.0,92.0,32.81,5,483
MIA,NOP,2019-11-16,31,1,15,22,17,34.0,24.0,28.0,102.0,35.91,6,577
SAS,POR,2019-11-16,20,0,24,10,29,21.0,19.0,21.0,86.0,36.69,8,535
DAL,TOR,2019-11-16,35,1,11,15,41,35.0,29.0,26.0,88.0,35.82,9,596
LAC,ATL,2019-11-16,37,0,19,11,25,50.0,45.0,52.0,110.0,37.849999999999994,5,557
CLE,PHI,2019-11-17,26,0,21,14,23,30.0,20.0,25.0,106.0,35.96,8,588
SAC,BOS,2019-11-17,38,0,26,17,27,27.0,29.0,23.0,68.0,35.620000000000005,4,598
MEM,DEN,2019-11-17,25,0,12,19,31,35.0,17.0,39.0,90.0,36.86,13,680
ORL,WAS,2019-11-17,26,2,28,13,32,28.0,23.0,13.0,76.0,36.41,2,595
NOP,GSW,2019-11-17,40,2,11,17,36,36.0,30.0,26.0,80.0,37.17,4,671
LAL,ATL,2019-11-17,25,0,20,19,36,38.0,31.0,37.0,102.0,35.370000000000005,7,587
NYK,CLE,2019-11-18,25,0,16,14,52,36.0,38.0,13.0,88.0,35.629999999999995,3,577
TOR,CHO,2019-11-18,21,2,8,15,26,54.0,27.0,25.0,88.0,35.85,12,665
BKN,IND,2019-11-18,32,1,24,14,49,27.0,28.0,19.0,82.0,36.25,4,550
CHI,MIL,2019-11-18,25,1,19,10,41,37.0,26.0,27.0,96.0,37.32,4,605
HOU,POR,2019-11-18,34,2,16,14,19,42.0,42.0,22.0,104.0,36.05,5,485
DAL,SAS,2019-11-18,28,1,28,17,34,22.0,32.0,23.0,84.0,35.94,3,522
PHO,BOS,2019-11-18,31,2,15,17,29,31.0,17.0,37.0,90.0,35.39,3,634
UTA,MIN,2019-11-18,24,6,17,17,21,30.0,19.0,18.0,86.0,35.64,8,562
LAC,OKC,2019-11-18,40,0,21,16,35,32.0,24.0,12.0,64.0,35.120000000000005,4,602
MEM,GSW,2019-11-19,32,2,18,18,39,38.0,19.0,26.0,98.0,36.05,10,681
NOP,POR,2019-11-19,34,4,14,17,43,29.0,42.0,28.0,86.0,36.93,2,541
SAC,PHO,2019-11-19,35,1,18,20,37,36.0,18.0,10.0,94.0,36.95,3,619
LAL,OKC,2019-11-19,39,0,15,23,23,38.0,29.0,46.0,92.0,33.99,4,600
PHI,NYK,2019-11-20,23,1,14,19,19,34.0,22.0,28.0,70.0,35.01,3,559
WAS,SAS,2019-11-20,33,2,17,23,33,34.0,19.0,30.0,104.0,37.349999999999994,10,593
BKN,CHO,2019-11-20,29,0,7,19,19,34.0,26.0,17.0,82.0,35.84,2,574
MIA,CLE,2019-11-20,26,0,19,20,26,35.0,34.0,18.0,72.0,36.29,7,558
DAL,GSW,2019-11-20,29,0,22,12,22,26.0,24.0,31.0,92.0,36.39,8,652
ATL,MIL,2019-11-20,23,0,19,21,43,41.0,19.0,25.0,100.0,37.7,5,571
TOR,ORL,2019-11-20,36,0,16,20,31,34.0,19.0,21.0,108.0,36.18,11,576
CHI,DET,2019-11-20,32,2,6,13,15,42.0,33.0,27.0,84.0,36.91,6,592
MIN,UTA,2019-11-20,32,1,21,17,26,35.0,35.0,24.0,80.0,35.35,4,574
DEN,HOU,2019-11-20,30,2,12,17,25,49.0,27.0,40.0,98.0,34.290000000000006,2,558
LAC,BOS,2019-11-20,48,0,28,29,43,37.0,24.0,25.0,84.0,38.72,6,673
MIL,POR,2019-11-21,18,0,38,12,48,36.0,36.0,43.0,102.0,36.9,4,552
PHO,NOP,2019-11-21,39,1,19,17,35,37.0,26.0,27.0,92.0,38.44,11,644
DET,ATL,2019-11-22,30,1,16,9,16,39.0,38.0,27.0,116.0,35.8,5,554
WAS,CHO,2019-11-22,31,2,14,20,18,31.0,16.0,32.0,118.0,36.38,8,605
BKN,SAC,2019-11-22,37,0,18,19,32,39.0,26.0,25.0,108.0,36.28,5,582
OKC,LAL,2019-11-22,31,1,18,10,22,33.0,25.0,26.0,112.0,34.7,14,588
CHI,MIA,2019-11-22,36,0,16,20,34,48.0,30.0,16.0,102.0,37.61,7,604
PHI,SAS,2019-11-22,26,1,29,12,45,19.0,22.0,32.0,92.0,36.9,9,574
DAL,CLE,2019-11-22,31,0,26,12,10,23.0,17.0,37.0,114.0,35.57,9,582
DEN,BOS,2019-11-22,28,1,12,14,42,35.0,28.0,27.0,90.0,35.31,4,586
UTA,GSW,2019-11-22,31,0,20,12,39,44.0,10.0,26.0,98.0,35.480000000000004,12,598
LAC,HOU,2019-11-22,33,1,15,19,46,35.0,23.0,39.0,98.0,34.980000000000004,9,566
MIN,PHO,2019-11-23,23,2,12,12,23,22.0,18.0,11.0,82.0,36.31,6,616
CHO,CHI,2019-11-23,33,0,13,23,36,36.0,28.0,12.0,98.0,36.45,7,603
PHI,MIA,2019-11-23,42,1,20,18,49,38.0,23.0,23.0,70.0,35.84,3,561
NYK,SAS,2019-11-23,20,2,10,13,21,42.0,21.0,17.0,80.0,36.05,10,607
ATL,TOR,2019-11-23,31,1,8,11,43,44.0,33.0,30.0,108.0,36.08,7,577
MEM,LAL,2019-11-23,42,1,16,16,22,52.0,36.0,44.0,98.0,35.46,10,609
CLE,POR,2019-11-23,30,0,15,17,22,20.0,17.0,9.0,86.0,35.94,5,498
MIL,DET,2019-11-23,36,1,20,17,19,42.0,28.0,37.0,102.0,35.870000000000005,4,537
UTA,NOP,2019-11-23,21,2,24,18,31,31.0,16.0,18.0,90.0,36.83,4,570
HOU,DAL,2019-11-24,24,1,14,11,30,37.0,29.0,38.0,126.0,35.85,13,535
NYK,BKN,2019-11-24,26,0,13,18,22,37.0,21.0,18.0,62.0,34.21,4,584
WAS,SAC,2019-11-24,27,2,7,13,25,32.0,29.0,17.0,98.0,35.88,7,598
DEN,PHO,2019-11-24,21,1,19,14,38,22.0,33.0,17.0,94.0,34.35,10,572
LAC,NOP,2019-11-24,26,3,19,13,47,15.0,43.0,23.0,106.0,36.95,7,606
CLE,BKN,2019-11-25,26,0,25,15,16,27.0,33.0,20.0,108.0,35.88,8,543
IND,MEM,2019-11-25,32,0,27,15,34,33.0,24.0,39.0,112.0,36.34,6,614
DET,ORL,2019-11-25,28,2,14,9,32,23.0,27.0,18.0,68.0,36.11,3,522
MIA,CHO,2019-11-25,37,1,8,14,16,46.0,27.0,24.0,96.0,36.290000000000006,7,573
ATL,MIN,2019-11-25,27,1,11,19,47,35.0,35.0,12.0,96.0,36.230000000000004,6,551
TOR,PHI,2019-11-25,22,1,27,14,37,20.0,18.0,20.0,72.0,35.239999999999995,6,588
BOS,SAC,2019-11-25,47,1,21,18,14,27.0,32.0,20.0,76.0,34.97,3,560
CHI,POR,2019-11-25,23,3,18,22,36,37.0,24.0,19.0,98.0,36.36,5,534
MIL,UTA,2019-11-25,23,0,19,15,31,38.0,30.0,33.0,96.0,35.59,6,546
SAS,LAL,2019-11-25,20,1,21,10,34,31.0,31.0,18.0,76.0,34.91,5,561
GSW,OKC,2019-11-25,39,3,21,17,33,38.0,25.0,28.0,80.0,35.629999999999995,10,606
DAL,LAC,2019-11-26,35,3,19,20,39,27.0,22.0,33.0,76.0,36.230000000000004,2,519
DEN,WAS,2019-11-26,26,5,11,9,30,34.0,14.0,23.0,126.0,36.290000000000006,9,634
BOS,BKN,2019-11-27,23,0,29,10,44,37.0,35.0,34.0,84.0,35.43000000000001,4,551
CHO,DET,2019-11-27,22,0,15,11,14,22.0,19.0,20.0,118.0,35.41,6,585
CLE,ORL,2019-11-27,30,1,30,16,33,36.0,23.0,35.0,92.0,36.57,2,562
PHI,SAC,2019-11-27,22,0,15,14,20,28.0,20.0,41.0,78.0,35.599999999999994,6,548
IND,UTA,2019-11-27,29,1,29,11,23,38.0,28.0,30.0,104.0,36.44,2,585
TOR,NYK,2019-11-27,35,1,13,17,21,46.0,44.0,36.0,80.0,35.03,5,677
MIL,ATL,2019-11-27,34,0,10,19,35,30.0,32.0,31.0,108.0,35.879999999999995,5,552
MEM,LAC,2019-11-27,48,1,13,18,18,28.0,34.0,41.0,118.0,36.41,5,594
HOU,MIA,2019-11-27,30,2,11,12,34,39.0,22.0,28.0,74.0,35.36,7,553
SAS,MIN,2019-11-27,20,2,17,8,17,13.0,31.0,28.0,88.0,35.7,6,583
PHO,WAS,2019-11-27,25,2,20,15,26,37.0,25.0,40.0,106.0,37.4,5,609
NOP,LAL,2019-11-27,46,4,13,15,23,33.0,22.0,40.0,88.0,35.31,4,594
POR,OKC,2019-11-27,19,0,21,9,20,13.0,21.0,20.0,94.0,36.3,2,548
GSW,CHI,2019-11-27,38,1,8,18,14,41.0,22.0,35.0,92.0,36.96,8,661
BKN,BOS,2019-11-29,33,2,23,14,31,44.0,26.0,27.0,98.0,35.25,4,548
DET,CHO,2019-11-29,27,1,19,15,21,24.0,21.0,25.0,86.0,34.57,14,594
ORL,TOR,2019-11-29,38,1,11,20,18,31.0,27.0,28.0,72.0,35.650000000000006,6,561
CLE,MIL,2019-11-29,26,2,24,9,28,31.0,17.0,21.0,98.0,35.739999999999995,7,583
NYK,PHI,2019-11-29,18,3,15,26,44,32.0,23.0,11.0,78.0,35.2,9,572
IND,ATL,2019-11-29,28,1,26,9,38,41.0,27.0,27.0,100.0,39.6,3,561
MIA,GSW,2019-11-29,31,0,25,15,32,29.0,22.0,15.0,88.0,36.03,4,630
OKC,NOP,2019-11-29,34,0,20,19,38,34.0,15.0,13.0,102.0,36.34,5,573
MEM,UTA,2019-11-29,23,1,20,15,46,14.0,38.0,25.0,100.0,35.46,5,592
SAS,LAC,2019-11-29,37,0,10,15,19,31.0,25.0,28.0,82.0,36.43,5,594
PHO,DAL,2019-11-29,33,3,21,10,44,20.0,32.0,20.0,76.0,36.53,7,591
POR,CHI,2019-11-29,25,0,12,13,22,21.0,24.0,29.0,82.0,35.86,8,534
LAL,WAS,2019-11-29,27,1,21,16,36,35.0,32.0,40.0,92.0,36.730000000000004,12,656
SAC,DEN,2019-11-30,34,1,12,14,27,36.0,22.0,15.0,98.0,38.730000000000004,6,599
PHI,IND,2019-11-30,34,1,22,13,24,39.0,17.0,25.0,90.0,35.8,3,550
HOU,ATL,2019-11-30,37,1,17,15,36,36.0,23.0,28.0,98.0,35.5,7,550
MIL,CHO,2019-11-30,24,2,30,12,28,27.0,24.0,51.0,90.0,36.29,7,616
BKN,MIA,2019-12-01,20,0,30,11,39,18.0,31.0,18.0,90.0,35.88,4,531
NYK,BOS,2019-12-01,25,1,10,13,48,32.0,29.0,27.0,84.0,35.14,4,624
MIN,MEM,2019-12-01,30,1,17,20,35,33.0,31.0,22.0,80.0,36.739999999999995,1,615
LAL,DAL,2019-12-01,30,2,15,10,47,32.0,33.0,47.0,104.0,34.66,6,592
NOP,OKC,2019-12-01,30,1,16,11,34,26.0,13.0,25.0,78.0,36.099999999999994,5,629
DET,SAS,2019-12-01,29,0,24,21,24,31.0,29.0,25.0,114.0,36.4,2,574
ORL,GSW,2019-12-01,26,1,29,17,11,33.0,31.0,33.0,90.0,36.2,3,634
TOR,UTA,2019-12-01,33,1,20,12,36,39.0,28.0,36.0,92.0,36.65,7,608
LAC,WAS,2019-12-01,31,1,18,13,34,41.0,39.0,39.0,112.0,37.71,6,557
CHO,PHO,2019-12-02,33,1,12,26,18,30.0,27.0,15.0,114.0,36.37,9,632
PHI,UTA,2019-12-02,34,1,26,8,33,31.0,19.0,32.0,96.0,35.879999999999995,3,552
ATL,GSW,2019-12-02,42,1,16,21,25,36.0,27.0,19.0,114.0,35.86,5,570
MEM,IND,2019-12-02,20,1,20,7,23,36.0,25.0,16.0,86.0,36.019999999999996,7,623
MIL,NYK,2019-12-02,28,1,13,14,29,33.0,14.0,46.0,84.0,36.39,5,578
SAC,CHI,2019-12-02,24,1,13,11,30,45.0,19.0,18.0,86.0,36.769999999999996,5,583
CLE,DET,2019-12-03,30,0,19,19,24,35.0,21.0,27.0,114.0,34.81,4,556
WAS,ORL,2019-12-03,30,1,15,11,39,37.0,19.0,8.0,102.0,36.64,6,545
NOP,DAL,2019-12-03,18,0,16,10,24,28.0,31.0,20.0,82.0,36.17,6,583
TOR,MIA,2019-12-03,28,1,14,18,32,23.0,28.0,30.0,94.0,39.54,9,665
SAS,HOU,2019-12-03,36,6,14,20,47,30.0,40.0,35.0,110.0,42.510000000000005,5,626
DEN,LAL,2019-12-03,34,2,11,11,30,29.0,29.0,28.0,96.0,34.370000000000005,4,615
LAC,POR,2019-12-03,21,0,10,12,18,24.0,23.0,32.0,92.0,34.86,8,505
CHO,GSW,2019-12-04,41,1,18,20,24,40.0,18.0,21.0,82.0,35.42,7,644
DET,MIL,2019-12-04,32,1,17,10,21,30.0,27.0,23.0,108.0,36.76,6,566
ORL,PHO,2019-12-04,36,2,22,16,31,36.0,37.0,27.0,98.0,36.65,5,569
ATL,BKN,2019-12-04,30,1,24,17,28,37.0,48.0,20.0,136.0,36.480000000000004,11,539
BOS,MIA,2019-12-04,28,1,22,17,36,40.0,26.0,26.0,58.0,35.6,7,588
OKC,IND,2019-12-04,27,1,26,18,27,30.0,30.0,15.0,108.0,33.94,3,556
CHI,MEM,2019-12-04,42,0,11,20,31,46.0,31.0,21.0,88.0,37.61,8,609
DAL,MIN,2019-12-04,20,0,18,14,6,32.0,40.0,23.0,88.0,34.489999999999995,8,581
UTA,LAL,2019-12-04,30,0,16,15,36,34.0,22.0,37.0,86.0,34.48,4,542
POR,SAC,2019-12-04,26,0,23,12,20,32.0,24.0,45.0,98.0,36.16,6,506
WAS,PHI,2019-12-05,38,2,16,18,23,40.0,30.0,17.0,86.0,36.04,5,564
NYK,DEN,2019-12-05,30,0,15,10,20,31.0,21.0,17.0,92.0,35.68,7,594
TOR,HOU,2019-12-05,36,4,8,16,33,48.0,40.0,42.0,78.0,33.47,8,657
NOP,PHO,2019-12-05,45,1,21,22,45,55.0,22.0,36.0,118.0,40.89,4,634
CHO,BKN,2019-12-06,27,0,10,16,29,51.0,25.0,24.0,82.0,34.489999999999995,8,573
DET,IND,2019-12-06,37,0,20,16,25,30.0,27.0,19.0,94.0,35.32,4,522
CLE,ORL,2019-12-06,24,0,21,23,30,28.0,22.0,26.0,76.0,35.0,3,513
BOS,DEN,2019-12-06,23,1,22,12,15,26.0,35.0,28.0,106.0,35.2,5,584
CHI,GSW,2019-12-06,37,1,12,11,26,28.0,21.0,21.0,82.0,35.18,5,600
OKC,MIN,2019-12-06,32,2,34,16,39,36.0,34.0,13.0,134.0,38.17,5,617
MIA,WAS,2019-12-06,27,3,23,17,16,40.0,30.0,13.0,104.0,35.85,7,592
MIL,LAC,2019-12-06,35,3,18,19,17,53.0,20.0,23.0,96.0,36.629999999999995,5,603
SAS,SAC,2019-12-06,30,1,20,17,26,28.0,40.0,12.0,78.0,40.14,8,617
POR,LAL,2019-12-06,26,0,18,11,48,35.0,19.0,32.0,94.0,35.53,5,507
DAL,NOP,2019-12-07,22,1,25,11,37,32.0,22.0,25.0,110.0,36.879999999999995,6,627
PHI,CLE,2019-12-07,29,0,22,14,13,38.0,26.0,37.0,134.0,35.44,12,578
NYK,IND,2019-12-07,41,1,23,15,23,37.0,16.0,12.0,92.0,36.26,3,579
HOU,PHO,2019-12-07,32,3,4,22,14,35.0,24.0,27.0,102.0,35.510000000000005,7,539
UTA,MEM,2019-12-07,38,0,22,17,37,53.0,10.0,29.0,114.0,35.87,5,568
BKN,DEN,2019-12-08,23,1,17,10,19,29.0,12.0,10.0,88.0,35.34,5,580
CHO,ATL,2019-12-08,33,0,10,17,21,35.0,34.0,22.0,98.0,36.7,2,594
MIA,CHI,2019-12-08,40,1,9,18,34,31.0,20.0,18.0,78.0,39.42,6,606
WAS,LAC,2019-12-08,34,1,16,15,18,51.0,30.0,22.0,88.0,36.510000000000005,8,595
PHI,TOR,2019-12-08,48,0,15,25,32,44.0,28.0,27.0,98.0,34.65,9,607
DAL,SAC,2019-12-08,17,0,17,9,10,36.0,21.0,21.0,92.0,33.099999999999994,5,525
POR,OKC,2019-12-08,26,0,31,18,20,18.0,33.0,13.0,76.0,35.25,6,479
LAL,MIN,2019-12-08,19,2,11,8,11,42.0,19.0,57.0,122.0,34.67,5,540
IND,LAC,2019-12-09,32,1,24,14,33,19.0,32.0,33.0,92.0,36.879999999999995,4,563
BOS,CLE,2019-12-09,33,2,16,14,22,36.0,34.0,27.0,98.0,34.24,5,519
NOP,DET,2019-12-09,24,4,16,14,10,29.0,21.0,40.0,98.0,36.41,9,591
MIL,ORL,2019-12-09,28,2,28,10,26,35.0,23.0,38.0,82.0,36.7,8,505
HOU,SAC,2019-12-09,39,0,10,22,29,34.0,19.0,16.0,76.0,35.32,6,576
CHI,TOR,2019-12-09,24,1,9,15,33,36.0,24.0,23.0,94.0,35.78,9,633
PHO,MIN,2019-12-09,32,2,9,11,19,33.0,46.0,29.0,118.0,35.379999999999995,5,559
UTA,OKC,2019-12-09,24,2,27,15,26,25.0,9.0,25.0,94.0,35.56,6,536
GSW,MEM,2019-12-09,33,1,17,22,24,44.0,20.0,35.0,84.0,37.18,9,673
CHO,WAS,2019-12-10,25,3,9,11,19,26.0,34.0,17.0,86.0,35.980000000000004,4,613
MIA,ATL,2019-12-10,26,1,25,24,48,31.0,25.0,15.0,112.0,39.31,10,620
PHI,DEN,2019-12-10,35,1,16,17,18,27.0,20.0,28.0,86.0,35.21,4,637
POR,NYK,2019-12-10,25,1,19,14,26,23.0,23.0,27.0,82.0,35.760000000000005,3,520
IND,BOS,2019-12-11,31,1,13,9,28,41.0,14.0,31.0,94.0,37.22,7,582
CLE,HOU,2019-12-11,31,0,15,12,41,53.0,25.0,33.0,102.0,33.01,6,542
TOR,LAC,2019-12-11,35,2,10,15,39,32.0,41.0,23.0,84.0,35.18,12,638
ORL,LAL,2019-12-11,38,0,19,17,21,30.0,27.0,22.0,88.0,34.56,8,580
BKN,CHO,2019-12-11,23,0,14,10,49,20.0,35.0,25.0,88.0,35.019999999999996,6,536
CHI,ATL,2019-12-11,40,3,22,13,28,49.0,15.0,51.0,120.0,37.84,6,597
MIN,UTA,2019-12-11,20,1,24,14,20,26.0,32.0,7.0,96.0,34.94,7,582
PHO,MEM,2019-12-11,38,1,11,18,19,38.0,31.0,21.0,98.0,37.379999999999995,5,604
MIL,NOP,2019-12-11,32,2,22,11,19,37.0,26.0,37.0,84.0,36.96,7,597
SAC,OKC,2019-12-11,22,1,18,15,16,32.0,22.0,26.0,86.0,35.14,5,561
GSW,NYK,2019-12-11,35,1,18,15,40,38.0,36.0,36.0,106.0,39.97,4,679
BOS,PHI,2019-12-12,29,1,11,12,12,21.0,35.0,20.0,92.0,34.35,2,552
SAS,CLE,2019-12-12,33,0,22,15,26,38.0,17.0,27.0,106.0,39.32,5,631
DET,DAL,2019-12-12,19,0,20,13,20,27.0,31.0,27.0,100.0,0.0,0,0
DEN,POR,2019-12-12,27,1,13,9,18,34.0,31.0,11.0,88.0,33.269999999999996,3,511
ORL,HOU,2019-12-13,22,0,13,17,40,29.0,24.0,26.0,90.0,33.769999999999996,8,521
MIA,LAL,2019-12-13,25,2,20,10,39,39.0,25.0,27.0,100.0,35.07,5,587
PHI,NOP,2019-12-13,25,1,20,12,24,27.0,29.0,24.0,102.0,35.53,5,564
ATL,IND,2019-12-13,22,1,24,14,30,43.0,25.0,22.0,128.0,36.97,3,519
CHI,CHO,2019-12-13,34,2,7,9,17,30.0,27.0,26.0,82.0,36.3,4,582
MEM,MIL,2019-12-13,16,0,27,9,30,43.0,26.0,41.0,80.0,37.269999999999996,8,603
UTA,GSW,2019-12-13,30,1,27,13,44,22.0,29.0,15.0,82.0,35.35,6,605
MIN,LAC,2019-12-13,34,3,28,6,10,31.0,17.0,22.0,92.0,35.35,2,558
SAC,NYK,2019-12-13,23,0,18,7,51,27.0,31.0,10.0,88.0,34.83,5,538
PHO,SAS,2019-12-14,22,2,18,14,28,30.0,31.0,39.0,108.0,0.0,0,0
TOR,BKN,2019-12-14,28,2,14,22,43,39.0,26.0,49.0,86.0,35.86,10,608
CHI,LAC,2019-12-14,41,1,14,13,19,42.0,26.0,21.0,96.0,35.849999999999994,6,540
MEM,WAS,2019-12-14,35,1,12,16,16,41.0,20.0,37.0,108.0,36.84,5,619
MIL,CLE,2019-12-14,32,0,22,21,22,40.0,26.0,50.0,98.0,35.85,5,580
DAL,MIA,2019-12-14,12,0,28,12,47,29.0,20.0,30.0,86.0,39.04,7,620
HOU,DET,2019-12-14,30,2,13,12,35,35.0,28.0,32.0,102.0,35.120000000000005,7,503
DEN,OKC,2019-12-14,26,2,21,12,25,39.0,18.0,20.0,110.0,35.13,3,615
NOP,ORL,2019-12-15,25,2,34,13,20,38.0,28.0,40.0,90.0,36.82,5,628
IND,CHO,2019-12-15,23,1,16,12,33,25.0,37.0,27.0,86.0,36.44,7,630
ATL,LAL,2019-12-15,35,0,13,18,30,37.0,11.0,37.0,88.0,36.019999999999996,4,555
BKN,PHI,2019-12-15,26,0,29,11,27,35.0,27.0,31.0,118.0,35.41,1,523
DEN,NYK,2019-12-15,34,1,14,13,21,22.0,37.0,26.0,114.0,34.17,4,554
GSW,SAC,2019-12-15,43,1,8,10,16,55.0,11.0,14.0,90.0,35.4,5,654
DET,WAS,2019-12-16,32,2,25,13,34,29.0,31.0,17.0,88.0,36.15,7,580
TOR,CLE,2019-12-16,32,0,17,20,27,27.0,25.0,33.0,114.0,34.370000000000005,7,574
OKC,CHI,2019-12-16,43,2,8,22,13,61.0,16.0,20.0,94.0,35.79,12,581
MIL,DAL,2019-12-16,33,1,11,23,32,13.0,32.0,38.0,94.0,35.92,5,603
MEM,MIA,2019-12-16,34,0,28,15,21,38.0,27.0,20.0,94.0,35.64,8,626
HOU,SAS,2019-12-16,27,2,11,18,39,36.0,20.0,25.0,90.0,36.91,5,516
PHO,POR,2019-12-16,29,2,21,15,20,51.0,19.0,26.0,96.0,35.43,7,534
IND,LAL,2019-12-17,30,1,21,13,30,29.0,35.0,18.0,112.0,34.870000000000005,3,557
CHO,SAC,2019-12-17,28,0,14,15,18,26.0,32.0,13.0,94.0,35.540000000000006,6,586
NYK,ATL,2019-12-17,30,0,20,15,57,35.0,27.0,22.0,124.0,37.14,7,520
NOP,BKN,2019-12-17,26,1,27,21,17,28.0,21.0,20.0,98.0,39.97,1,641
UTA,ORL,2019-12-17,18,1,30,13,28,13.0,11.0,34.0,106.0,35.42,8,585
LAC,PHO,2019-12-17,37,1,20,20,45,30.0,23.0,43.0,96.0,36.81999999999999,4,606
CLE,CHO,2019-12-18,30,1,20,15,41,36.0,31.0,20.0,106.0,34.7,6,602
WAS,CHI,2019-12-18,39,4,12,22,41,36.0,42.0,14.0,74.0,40.29,3,607
PHI,MIA,2019-12-18,32,0,17,15,42,28.0,31.0,30.0,94.0,34.39,11,585
DET,TOR,2019-12-18,37,0,16,11,21,27.0,31.0,25.0,104.0,35.12,5,596
OKC,MEM,2019-12-18,29,2,32,18,30,31.0,23.0,12.0,132.0,35.94,7,608
MIN,NOP,2019-12-18,33,0,18,16,25,22.0,24.0,16.0,82.0,36.13,4,607
DEN,ORL,2019-12-18,30,1,13,15,25,37.0,24.0,26.0,94.0,35.019999999999996,8,574
DAL,BOS,2019-12-18,22,0,19,13,25,27.0,20.0,31.0,60.0,35.400000000000006,5,556
POR,GSW,2019-12-18,37,0,12,19,40,31.0,38.0,34.0,102.0,36.86,5,576
ATL,UTA,2019-12-19,25,0,27,20,43,38.0,18.0,31.0,108.0,36.82,7,563
MIL,LAL,2019-12-19,36,5,18,11,38,32.0,19.0,25.0,76.0,34.4,4,596
SAS,BKN,2019-12-19,23,1,23,18,15,42.0,26.0,26.0,78.0,36.72,5,545
LAC,HOU,2019-12-19,37,3,13,13,23,54.0,19.0,31.0,96.0,34.57,5,497
CLE,MEM,2019-12-20,30,0,21,17,45,33.0,30.0,37.0,90.0,35.230000000000004,6,588
IND,SAC,2019-12-20,25,0,16,18,26,27.0,29.0,25.0,90.0,36.269999999999996,6,575
BOS,DET,2019-12-20,43,1,24,20,29,54.0,34.0,27.0,92.0,35.89,2,583
TOR,WAS,2019-12-20,29,3,22,17,49,34.0,24.0,41.0,76.0,36.790000000000006,4,583
PHI,DAL,2019-12-20,24,1,13,17,32,42.0,16.0,35.0,86.0,35.730000000000004,7,589
MIA,NYK,2019-12-20,38,0,20,16,25,32.0,33.0,20.0,86.0,36.18,7,613
OKC,PHO,2019-12-20,23,2,24,11,27,40.0,20.0,10.0,96.0,35.900000000000006,4,623
DEN,MIN,2019-12-20,26,3,23,22,18,38.0,26.0,20.0,104.0,34.21,5,584
POR,ORL,2019-12-20,30,1,29,16,20,25.0,29.0,32.0,82.0,36.05,5,507
GSW,NOP,2019-12-20,25,1,28,11,27,36.0,26.0,34.0,78.0,37.129999999999995,6,599
CHO,UTA,2019-12-21,29,3,19,20,49,40.0,31.0,18.0,84.0,35.629999999999995,7,603
BKN,ATL,2019-12-21,30,0,24,13,27,38.0,32.0,33.0,116.0,36.92,3,534
DET,CHI,2019-12-21,28,0,12,15,18,42.0,27.0,27.0,88.0,35.53,12,556
PHI,WAS,2019-12-21,27,0,19,11,27,23.0,32.0,34.0,100.0,36.06,3,554
NYK,MIL,2019-12-21,30,0,18,15,41,30.0,29.0,24.0,74.0,36.709999999999994,4,620
MEM,SAC,2019-12-21,34,0,13,15,29,35.0,36.0,37.0,100.0,36.99,12,622
SAS,LAC,2019-12-21,26,0,30,14,19,53.0,27.0,39.0,114.0,36.79,5,586
PHO,HOU,2019-12-21,21,1,11,19,48,30.0,20.0,24.0,114.0,34.82,5,491
POR,MIN,2019-12-21,33,0,27,13,18,30.0,23.0,17.0,82.0,35.230000000000004,1,535
TOR,DAL,2019-12-22,33,3,13,22,49,30.0,34.0,27.0,80.0,36.22,8,600
BOS,CHO,2019-12-22,16,2,19,10,22,28.0,18.0,12.0,100.0,34.769999999999996,6,598
MIL,IND,2019-12-22,31,0,18,15,29,16.0,36.0,32.0,82.0,35.95,9,596
OKC,LAC,2019-12-22,34,1,16,15,23,43.0,21.0,7.0,100.0,35.46,6,585
LAL,DEN,2019-12-22,32,0,14,21,37,33.0,44.0,31.0,118.0,35.44,5,607
CLE,ATL,2019-12-23,37,1,35,16,40,49.0,24.0,22.0,112.0,36.7,5,511
ORL,CHI,2019-12-23,23,3,21,23,27,30.0,15.0,18.0,86.0,35.96,10,558
DET,PHI,2019-12-23,26,1,12,19,16,39.0,26.0,28.0,116.0,35.150000000000006,7,553
IND,TOR,2019-12-23,34,0,12,26,39,37.0,22.0,36.0,84.0,38.29,13,675
NYK,WAS,2019-12-23,32,1,16,26,39,26.0,42.0,22.0,106.0,36.239999999999995,9,589
MIA,UTA,2019-12-23,28,0,25,16,48,30.0,25.0,20.0,96.0,35.22,3,514
MEM,SAS,2019-12-23,23,1,25,10,32,33.0,28.0,38.0,116.0,37.43,9,596
PHO,DEN,2019-12-23,27,4,22,12,16,43.0,17.0,19.0,90.0,35.55,4,594
SAC,HOU,2019-12-23,29,3,6,17,33,36.0,23.0,38.0,108.0,35.519999999999996,9,540
POR,NOP,2019-12-23,23,0,22,11,33,27.0,26.0,26.0,84.0,35.480000000000004,5,485
GSW,MIN,2019-12-23,34,1,19,11,32,46.0,31.0,47.0,88.0,36.91,4,628
TOR,BOS,2019-12-25,31,2,21,9,43,41.0,28.0,27.0,106.0,34.61,6,560
PHI,MIL,2019-12-25,42,0,26,20,25,18.0,29.0,34.0,88.0,35.45,5,579
GSW,HOU,2019-12-25,31,2,6,11,34,25.0,25.0,32.0,86.0,35.260000000000005,6,569
LAL,LAC,2019-12-25,25,0,14,12,43,34.0,28.0,41.0,96.0,35.07,7,536
DEN,NOP,2019-12-25,32,0,17,20,24,41.0,44.0,31.0,78.0,35.61,9,577
DET,WAS,2019-12-26,32,1,16,15,35,27.0,36.0,17.0,96.0,36.05,7,609
BKN,NYK,2019-12-26,20,2,13,19,49,29.0,24.0,9.0,50.0,34.58,3,555
OKC,MEM,2019-12-26,32,0,24,22,26,33.0,27.0,29.0,110.0,35.35,8,594
DAL,SAS,2019-12-26,31,0,12,19,26,40.0,16.0,30.0,78.0,36.17,4,540
SAC,MIN,2019-12-26,51,1,14,14,27,36.0,31.0,7.0,98.0,42.21,4,651
UTA,POR,2019-12-26,21,1,39,13,30,38.0,26.0,11.0,94.0,33.79,3,524
BOS,CLE,2019-12-27,19,1,26,16,25,28.0,26.0,41.0,120.0,35.2,13,578
CHO,OKC,2019-12-27,30,0,23,23,26,38.0,22.0,27.0,116.0,38.95,1,689
ORL,PHI,2019-12-27,30,1,27,24,44,24.0,25.0,22.0,76.0,35.480000000000004,4,546
ATL,MIL,2019-12-27,35,0,23,19,34,33.0,17.0,21.0,88.0,35.88,12,536
MIA,IND,2019-12-27,28,1,28,9,18,17.0,19.0,32.0,76.0,35.97,8,533
GSW,PHO,2019-12-27,39,2,20,15,37,35.0,37.0,24.0,82.0,37.08,9,626
DEN,MEM,2019-12-28,31,0,8,15,30,27.0,25.0,17.0,124.0,35.629999999999995,9,659
NOP,IND,2019-12-28,35,2,15,13,21,34.0,28.0,32.0,90.0,37.62,5,637
BOS,TOR,2019-12-28,37,4,18,23,47,45.0,28.0,29.0,98.0,34.489999999999995,6,540
CHI,ATL,2019-12-28,39,0,12,15,22,44.0,25.0,33.0,88.0,35.84,6,564
HOU,BKN,2019-12-28,21,1,20,18,38,24.0,30.0,20.0,96.0,34.68,3,539
MIN,CLE,2019-12-28,48,1,21,17,35,39.0,32.0,21.0,94.0,35.82,9,569
WAS,NYK,2019-12-28,29,1,11,16,42,38.0,22.0,20.0,82.0,36.16,10,659
MIA,PHI,2019-12-28,25,1,25,11,37,35.0,20.0,32.0,94.0,38.269999999999996,4,573
GSW,DAL,2019-12-28,34,1,22,16,33,21.0,28.0,37.0,84.0,36.89,15,620
SAS,DET,2019-12-28,34,0,27,15,20,33.0,24.0,38.0,106.0,36.17,6,563
MIL,ORL,2019-12-28,45,0,24,20,44,40.0,22.0,32.0,68.0,36.42,9,592
SAC,PHO,2019-12-28,29,0,27,6,31,32.0,19.0,21.0,98.0,35.81,3,559
POR,LAL,2019-12-28,25,0,20,18,23,23.0,29.0,29.0,100.0,35.06,3,535
LAC,UTA,2019-12-28,31,0,26,19,20,35.0,30.0,33.0,86.0,35.5,5,528
TOR,OKC,2019-12-29,39,1,13,15,21,34.0,24.0,17.0,76.0,34.379999999999995,6,538
MEM,CHO,2019-12-29,21,0,18,10,29,29.0,27.0,22.0,118.0,36.4,8,637
NOP,HOU,2019-12-29,34,0,15,9,28,34.0,33.0,32.0,104.0,35.629999999999995,10,611
DEN,SAC,2019-12-29,19,1,20,10,21,39.0,29.0,10.0,106.0,35.34,9,602
LAL,DAL,2019-12-29,31,2,12,14,22,39.0,21.0,35.0,86.0,35.61,5,604
ORL,ATL,2019-12-30,36,0,18,13,35,38.0,26.0,17.0,100.0,35.44,3,527
WAS,MIA,2019-12-30,33,1,14,26,65,35.0,24.0,21.0,92.0,35.6,5,550
MIN,BKN,2019-12-30,31,1,22,22,40,30.0,22.0,17.0,88.0,40.269999999999996,6,620
CHI,MIL,2019-12-30,31,1,19,17,30,27.0,21.0,26.0,92.0,37.62,7,570
UTA,DET,2019-12-30,31,2,28,15,22,41.0,18.0,26.0,98.0,35.760000000000005,3,529
POR,PHO,2019-12-30,31,0,21,13,24,19.0,26.0,24.0,94.0,35.34,11,541
CHO,BOS,2019-12-31,37,0,17,18,20,20.0,22.0,18.0,96.0,35.16,4,579
IND,PHI,2019-12-31,30,0,11,12,28,32.0,31.0,18.0,100.0,35.52,7,576
SAC,LAC,2019-12-31,34,1,19,17,43,33.0,29.0,23.0,68.0,35.480000000000004,6,558
TOR,CLE,2019-12-31,27,0,16,13,30,36.0,33.0,12.0,78.0,34.620000000000005,4,586
HOU,DEN,2019-12-31,26,1,11,13,34,41.0,35.0,33.0,120.0,35.09,1,559
SAS,GSW,2019-12-31,22,1,35,15,36,23.0,34.0,32.0,96.0,40.06,7,700
OKC,DAL,2019-12-31,33,0,16,21,44,26.0,30.0,12.0,78.0,34.510000000000005,7,564
WAS,ORL,2020-01-01,34,1,27,9,51,20.0,34.0,28.0,90.0,37.31,5,560
NYK,POR,2020-01-01,25,1,16,9,34,17.0,28.0,12.0,86.0,34.91,6,480
MIL,MIN,2020-01-01,30,1,15,19,40,34.0,25.0,31.0,86.0,36.480000000000004,6,609
LAL,PHO,2020-01-01,30,1,19,16,29,35.0,21.0,36.0,106.0,35.66,7,588
CLE,CHO,2020-01-02,15,0,10,8,22,31.0,10.0,22.0,98.0,34.94,4,575
IND,DEN,2020-01-02,35,0,20,18,21,25.0,31.0,29.0,116.0,36.17,7,620
MIA,TOR,2020-01-02,28,2,7,14,35,29.0,26.0,6.0,78.0,33.32,5,641
MIN,GSW,2020-01-02,24,2,15,12,19,28.0,24.0,16.0,80.0,35.2,5,654
CHI,UTA,2020-01-02,20,2,16,13,50,32.0,29.0,14.0,92.0,35.6,4,574
DAL,BKN,2020-01-02,20,2,28,11,23,34.0,31.0,36.0,100.0,35.38,10,567
SAS,OKC,2020-01-02,20,0,27,16,29,17.0,23.0,30.0,94.0,34.94,4,522
SAC,MEM,2020-01-02,33,0,17,13,22,37.0,28.0,46.0,112.0,37.17,4,606
LAC,DET,2020-01-02,36,0,25,16,31,41.0,27.0,41.0,126.0,36.28,9,549
BOS,ATL,2020-01-03,30,0,12,13,27,25.0,29.0,46.0,96.0,35.55,6,544
ORL,MIA,2020-01-03,30,0,17,14,35,37.0,6.0,17.0,74.0,35.0,10,561
WAS,POR,2020-01-03,30,0,30,16,35,25.0,46.0,24.0,104.0,35.74,4,569
HOU,PHI,2020-01-03,28,2,9,14,33,30.0,22.0,38.0,112.0,34.56,7,537
PHO,NYK,2020-01-03,23,1,20,22,36,23.0,27.0,25.0,94.0,36.03,5,576
LAL,NOP,2020-01-03,30,0,18,12,25,31.0,17.0,51.0,122.0,36.01,5,592
LAC,MEM,2020-01-04,32,1,33,15,29,21.0,30.0,38.0,114.0,36.97,6,587
BKN,TOR,2020-01-04,19,1,19,18,44,41.0,29.0,30.0,88.0,34.8,10,595
ORL,UTA,2020-01-04,21,0,32,12,30,15.0,26.0,16.0,74.0,34.72,2,546
ATL,IND,2020-01-04,34,0,20,15,33,26.0,34.0,20.0,90.0,36.41,4,533
CLE,OKC,2020-01-04,27,1,25,16,24,35.0,33.0,17.0,94.0,35.09,9,542
CHI,BOS,2020-01-04,39,2,11,14,29,51.0,19.0,42.0,98.0,36.04,5,595
WAS,DEN,2020-01-04,24,2,23,17,29,34.0,36.0,23.0,124.0,36.379999999999995,6,591
DAL,CHO,2020-01-04,24,2,16,18,30,31.0,39.0,32.0,116.0,38.54,5,626
GSW,DET,2020-01-04,34,1,16,19,27,42.0,23.0,22.0,84.0,37.17,5,609
MIL,SAS,2020-01-04,22,1,27,12,38,18.0,16.0,21.0,66.0,37.31,4,598
SAC,NOP,2020-01-04,39,2,11,14,23,51.0,35.0,31.0,90.0,37.31,7,603
LAC,NYK,2020-01-05,32,3,30,9,35,40.0,26.0,35.0,98.0,36.6,5,560
MIA,POR,2020-01-05,28,1,21,10,22,22.0,18.0,26.0,98.0,34.51,6,543
CLE,MIN,2020-01-05,34,1,26,18,17,43.0,30.0,14.0,108.0,34.54,4,595
PHO,MEM,2020-01-05,30,1,18,16,46,31.0,20.0,32.0,98.0,35.769999999999996,6,593
LAL,DET,2020-01-05,40,1,10,20,20,27.0,27.0,35.0,98.0,35.4,3,525
ORL,BKN,2020-01-06,31,0,15,19,53,30.0,27.0,23.0,94.0,35.59,4,541
WAS,BOS,2020-01-06,38,0,15,20,32,29.0,32.0,29.0,86.0,35.92,1,586
CHO,IND,2020-01-06,33,1,16,16,31,27.0,20.0,20.0,112.0,35.89,9,656
PHI,OKC,2020-01-06,19,3,28,17,53,30.0,27.0,33.0,102.0,34.68,5,524
ATL,DEN,2020-01-06,23,1,19,6,25,17.0,23.0,18.0,92.0,35.8,4,549
NOP,UTA,2020-01-06,24,0,49,11,29,20.0,24.0,26.0,106.0,36.99,4,562
DAL,CHI,2020-01-06,31,0,15,14,30,35.0,29.0,36.0,118.0,35.980000000000004,6,561
SAS,MIL,2020-01-06,17,0,16,7,28,19.0,27.0,24.0,74.0,35.59,5,581
SAC,GSW,2020-01-06,45,0,17,26,17,42.0,13.0,31.0,88.0,37.92,6,650
CLE,DET,2020-01-07,35,1,18,9,34,33.0,21.0,22.0,100.0,35.34,8,546
TOR,POR,2020-01-07,25,0,12,9,21,27.0,25.0,37.0,68.0,34.5,7,558
BKN,OKC,2020-01-07,27,1,20,19,52,25.0,18.0,18.0,92.0,38.78,3,574
MEM,MIN,2020-01-07,26,1,17,11,15,35.0,26.0,35.0,110.0,35.78,5,606
PHO,SAC,2020-01-07,36,1,12,9,26,40.0,21.0,24.0,70.0,35.54,4,594
LAL,NYK,2020-01-07,33,0,18,12,34,44.0,18.0,47.0,84.0,36.26,2,594
IND,MIA,2020-01-08,25,0,16,11,24,30.0,26.0,32.0,92.0,36.17,8,593
BOS,SAS,2020-01-08,29,0,26,9,29,33.0,15.0,26.0,86.0,36.730000000000004,8,584
CHO,TOR,2020-01-08,31,1,12,20,44,49.0,38.0,32.0,92.0,38.31,12,711
ORL,WAS,2020-01-08,37,1,22,21,26,51.0,24.0,17.0,98.0,36.34,7,625
DAL,DEN,2020-01-08,24,2,16,12,32,29.0,24.0,20.0,102.0,35.57,10,590
ATL,HOU,2020-01-08,21,2,10,17,51,30.0,37.0,25.0,94.0,35.480000000000004,2,477
NOP,CHI,2020-01-08,31,1,14,17,22,34.0,20.0,47.0,102.0,37.05,12,601
UTA,NYK,2020-01-08,15,1,35,6,39,22.0,28.0,19.0,98.0,35.25,5,578
GSW,MIL,2020-01-08,29,0,16,20,32,23.0,12.0,30.0,64.0,37.03,12,670
PHI,BOS,2020-01-09,20,0,26,6,44,35.0,18.0,26.0,88.0,34.260000000000005,7,491
DET,CLE,2020-01-09,32,1,34,12,25,40.0,37.0,14.0,144.0,38.03,3,571
MIN,POR,2020-01-09,24,0,12,14,15,30.0,34.0,22.0,88.0,35.33,2,550
OKC,HOU,2020-01-09,28,3,15,15,36,27.0,14.0,18.0,86.0,33.91,6,499
WAS,ATL,2020-01-10,28,3,22,17,39,32.0,35.0,27.0,118.0,37.26,2,538
NYK,NOP,2020-01-10,23,2,11,15,41,47.0,21.0,29.0,120.0,36.47,9,628
BKN,MIA,2020-01-10,21,0,20,7,28,28.0,33.0,23.0,118.0,35.32,7,563
CHI,IND,2020-01-10,34,1,22,14,32,20.0,17.0,32.0,106.0,36.129999999999995,6,579
MEM,SAS,2020-01-10,17,0,25,11,37,30.0,35.0,31.0,92.0,36.41,9,581
UTA,CHO,2020-01-10,26,2,17,22,23,46.0,22.0,11.0,84.0,34.44,4,631
PHO,ORL,2020-01-10,34,0,16,22,39,25.0,23.0,25.0,74.0,35.980000000000004,2,567
DAL,LAL,2020-01-10,25,1,26,16,35,32.0,33.0,39.0,108.0,36.28,5,570
SAC,MIL,2020-01-10,27,0,24,17,25,29.0,8.0,34.0,116.0,37.49,8,597
LAC,GSW,2020-01-10,34,2,18,14,29,25.0,26.0,18.0,88.0,36.980000000000004,6,624
HOU,MIN,2020-01-11,34,0,15,18,36,48.0,23.0,26.0,104.0,35.66,4,559
DET,CHI,2020-01-11,35,3,8,11,24,37.0,22.0,18.0,108.0,36.45,8,576
BOS,NOP,2020-01-11,33,0,24,12,23,27.0,30.0,40.0,116.0,36.57,11,577
OKC,LAL,2020-01-11,30,1,27,13,31,21.0,36.0,16.0,116.0,35.269999999999996,8,541
DAL,PHI,2020-01-11,21,0,10,12,25,21.0,35.0,32.0,100.0,33.63,4,528
DEN,CLE,2020-01-11,31,1,15,22,37,26.0,28.0,19.0,114.0,34.18,9,554
POR,MIL,2020-01-11,26,2,24,12,41,33.0,23.0,39.0,82.0,36.35,6,516
NYK,MIA,2020-01-12,33,1,26,21,33,35.0,28.0,16.0,118.0,35.51,9,587
WAS,UTA,2020-01-12,24,1,37,12,28,29.0,28.0,16.0,124.0,36.14,4,582
BKN,ATL,2020-01-12,45,0,17,22,42,36.0,18.0,36.0,86.0,36.96,3,547
MEM,GSW,2020-01-12,39,0,24,16,23,53.0,40.0,51.0,88.0,36.68,9,599
TOR,SAS,2020-01-12,35,1,8,12,27,29.0,18.0,35.0,84.0,36.44,19,636
PHO,CHO,2020-01-12,34,2,13,13,39,28.0,20.0,26.0,114.0,35.57,4,602
DEN,LAC,2020-01-12,33,2,22,14,24,42.0,15.0,16.0,84.0,35.36,7,570
DET,NOP,2020-01-13,32,2,23,22,25,39.0,34.0,23.0,110.0,40.6,3,617
IND,PHI,2020-01-13,20,1,24,8,33,28.0,17.0,21.0,82.0,34.629999999999995,3,522
BOS,CHI,2020-01-13,34,1,12,12,28,32.0,24.0,35.0,110.0,35.66,2,567
MIN,OKC,2020-01-13,25,2,14,16,29,24.0,27.0,23.0,86.0,34.95,6,580
POR,CHO,2020-01-13,29,1,25,14,27,21.0,23.0,27.0,82.0,35.019999999999996,8,548
SAC,ORL,2020-01-13,31,0,24,13,33,24.0,29.0,17.0,106.0,35.91,4,514
LAL,CLE,2020-01-13,28,4,23,22,48,43.0,28.0,35.0,118.0,35.04,6,564
ATL,PHO,2020-01-14,20,0,23,13,26,35.0,32.0,19.0,118.0,36.86,1,496
BKN,UTA,2020-01-14,17,1,42,16,43,25.0,24.0,15.0,118.0,34.72,2,499
MEM,HOU,2020-01-14,19,0,14,13,33,23.0,22.0,32.0,100.0,34.15,5,486
MIL,NYK,2020-01-14,27,1,21,21,32,29.0,24.0,32.0,104.0,37.620000000000005,3,611
LAC,CLE,2020-01-14,28,0,34,16,35,37.0,38.0,32.0,102.0,36.24,10,581
GSW,DAL,2020-01-14,22,1,20,11,25,26.0,32.0,18.0,106.0,35.17,6,589
PHI,BKN,2020-01-15,21,0,32,14,36,31.0,22.0,29.0,108.0,35.489999999999995,4,543
BOS,DET,2020-01-15,35,2,22,16,32,31.0,18.0,21.0,98.0,34.91,5,540
MIA,SAS,2020-01-15,26,1,22,13,25,23.0,14.0,15.0,76.0,35.36,5,578
MIN,IND,2020-01-15,23,2,23,11,20,26.0,27.0,17.0,102.0,34.85,3,600
OKC,TOR,2020-01-15,38,1,13,17,25,65.0,24.0,24.0,110.0,35.22,16,617
CHI,WAS,2020-01-15,32,1,19,16,29,40.0,20.0,14.0,98.0,36.489999999999995,7,579
DEN,CHO,2020-01-15,39,3,8,14,23,29.0,18.0,29.0,96.0,35.14,8,637
HOU,POR,2020-01-15,22,0,8,16,42,23.0,33.0,17.0,84.0,33.900000000000006,5,473
SAC,DAL,2020-01-15,21,1,17,12,33,25.0,40.0,35.0,124.0,36.06,3,530
LAL,ORL,2020-01-15,28,2,12,15,45,35.0,25.0,39.0,112.0,35.879999999999995,6,561
NYK,PHO,2020-01-16,32,1,21,20,47,34.0,25.0,25.0,96.0,36.489999999999995,6,595
MIL,BOS,2020-01-16,23,2,31,19,47,25.0,21.0,43.0,86.0,36.61,4,529
NOP,UTA,2020-01-16,26,0,32,11,31,32.0,32.0,32.0,118.0,40.82,8,650
GSW,DEN,2020-01-16,44,0,23,25,37,50.0,35.0,41.0,86.0,41.03,12,731
LAC,ORL,2020-01-16,27,1,39,7,36,26.0,30.0,19.0,84.0,36.32,7,544
PHI,CHI,2020-01-17,28,0,20,14,23,38.0,12.0,35.0,98.0,35.040000000000006,5,550
IND,MIN,2020-01-17,23,1,30,15,26,31.0,12.0,34.0,86.0,35.34,3,596
TOR,WAS,2020-01-17,41,6,14,16,33,49.0,28.0,53.0,98.0,37.0,7,690
MEM,CLE,2020-01-17,27,1,18,19,23,29.0,26.0,43.0,124.0,35.75,8,572
OKC,MIA,2020-01-17,33,2,14,12,35,25.0,22.0,16.0,78.0,34.26,11,653
SAS,ATL,2020-01-17,32,1,12,18,33,49.0,29.0,46.0,82.0,37.43,4,521
DAL,POR,2020-01-17,21,0,27,15,33,31.0,30.0,26.0,92.0,34.0,3,487
NOP,LAC,2020-01-18,28,3,26,11,25,42.0,36.0,23.0,116.0,38.07,3,593
BKN,MIL,2020-01-18,32,4,21,23,31,35.0,18.0,31.0,84.0,36.34,8,581
BOS,PHO,2020-01-18,32,0,13,17,36,37.0,19.0,29.0,92.0,36.7,9,556
ATL,DET,2020-01-18,34,0,19,11,19,41.0,28.0,25.0,116.0,36.1,5,532
NYK,PHI,2020-01-18,25,0,23,17,34,20.0,19.0,25.0,76.0,34.34,10,541
CHI,CLE,2020-01-18,37,0,26,18,30,45.0,23.0,14.0,108.0,34.95,7,516
MIN,TOR,2020-01-18,32,1,19,20,22,40.0,21.0,26.0,104.0,35.6,7,647
HOU,LAL,2020-01-18,34,4,21,15,36,41.0,28.0,29.0,106.0,34.84,5,484
GSW,ORL,2020-01-18,20,2,22,13,31,31.0,14.0,17.0,100.0,35.98,7,589
OKC,POR,2020-01-18,21,1,21,11,25,27.0,24.0,11.0,106.0,34.74,5,492
UTA,SAC,2020-01-18,26,1,22,14,27,25.0,15.0,24.0,108.0,35.459999999999994,2,549
SAS,MIA,2020-01-19,24,0,14,15,31,33.0,24.0,23.0,76.0,36.3,10,613
DEN,IND,2020-01-19,37,1,24,13,34,21.0,34.0,10.0,112.0,35.69,12,590
WAS,DET,2020-01-20,33,2,18,16,22,49.0,31.0,14.0,98.0,36.44,3,583
ATL,TOR,2020-01-20,38,2,10,19,30,52.0,31.0,21.0,106.0,37.06,6,601
BKN,PHI,2020-01-20,29,0,27,21,51,31.0,36.0,29.0,98.0,36.05,11,561
MIL,CHI,2020-01-20,30,2,19,12,45,45.0,25.0,23.0,98.0,36.760000000000005,6,592
MEM,NOP,2020-01-20,35,1,24,29,29,35.0,29.0,52.0,106.0,37.400000000000006,6,645
CLE,NYK,2020-01-20,33,1,17,10,39,23.0,28.0,25.0,90.0,34.29,3,534
HOU,OKC,2020-01-20,27,2,9,13,39,40.0,16.0,26.0,108.0,33.620000000000005,4,497
CHO,ORL,2020-01-20,24,0,13,19,24,19.0,29.0,7.0,90.0,34.760000000000005,6,617
MIA,SAC,2020-01-20,28,2,24,11,36,28.0,33.0,17.0,102.0,38.22,7,670
BOS,LAL,2020-01-20,39,1,18,16,38,44.0,38.0,36.0,114.0,36.18,2,582
MIN,DEN,2020-01-20,29,0,8,11,20,21.0,40.0,11.0,94.0,34.47,3,645
UTA,IND,2020-01-20,36,1,29,17,11,41.0,26.0,25.0,104.0,35.82,7,601
PHO,SAS,2020-01-20,30,1,23,23,37,37.0,22.0,18.0,78.0,36.36,2,560
POR,GSW,2020-01-20,22,0,24,14,33,18.0,38.0,39.0,104.0,38.879999999999995,6,606
DAL,LAC,2020-01-21,42,2,23,20,47,33.0,30.0,24.0,78.0,35.94,8,546
ORL,OKC,2020-01-22,26,1,25,8,37,42.0,17.0,20.0,108.0,35.36,7,547
TOR,PHI,2020-01-22,33,3,13,12,44,31.0,23.0,41.0,70.0,35.35,8,578
DET,SAC,2020-01-22,27,0,18,19,32,36.0,24.0,20.0,106.0,37.980000000000004,1,549
ATL,LAC,2020-01-22,30,1,17,7,37,20.0,31.0,17.0,96.0,36.39,6,560
NYK,LAL,2020-01-22,39,0,12,14,43,41.0,38.0,14.0,78.0,33.79,8,584
BOS,MEM,2020-01-22,33,0,11,3,19,38.0,19.0,38.0,86.0,35.69,6,611
MIA,WAS,2020-01-22,35,1,27,8,27,39.0,18.0,20.0,102.0,39.64,10,679
HOU,DEN,2020-01-22,33,0,9,18,33,38.0,31.0,46.0,110.0,34.35,9,549
CHI,MIN,2020-01-22,28,2,16,11,30,40.0,38.0,20.0,104.0,36.379999999999995,11,604
PHO,IND,2020-01-22,29,1,28,15,29,23.0,21.0,17.0,98.0,36.67,5,578
NOP,SAS,2020-01-22,23,1,26,13,33,26.0,23.0,19.0,92.0,38.370000000000005,8,611
GSW,UTA,2020-01-22,23,0,29,10,34,24.0,27.0,27.0,102.0,36.13,5,649
CLE,WAS,2020-01-23,25,2,25,18,30,26.0,23.0,9.0,108.0,34.5,5,563
BKN,LAL,2020-01-23,28,0,9,13,18,46.0,23.0,61.0,86.0,35.61,10,582
POR,DAL,2020-01-23,23,0,18,11,25,31.0,32.0,52.0,96.0,33.86,5,478
CHO,MIL,2020-01-24,36,0,14,24,38,28.0,30.0,23.0,94.0,0.0,0,0
ORL,BOS,2020-01-24,29,1,33,18,36,33.0,26.0,21.0,78.0,34.96,4,547
DET,MEM,2020-01-24,30,1,21,10,31,29.0,28.0,25.0,106.0,36.260000000000005,8,550
NYK,TOR,2020-01-24,32,2,17,17,34,34.0,35.0,33.0,88.0,33.71,9,613
OKC,ATL,2020-01-24,21,3,23,16,37,29.0,27.0,16.0,114.0,36.42,6,534
NOP,DEN,2020-01-24,32,1,18,18,45,28.0,48.0,35.0,84.0,36.46,2,589
MIN,HOU,2020-01-24,37,3,14,24,34,38.0,14.0,28.0,130.0,34.47,7,553
MIA,LAC,2020-01-24,23,0,15,8,24,25.0,22.0,14.0,94.0,36.2,5,574
CHI,SAC,2020-01-24,27,2,9,21,26,28.0,14.0,33.0,90.0,35.75,8,619
SAS,PHO,2020-01-24,32,2,22,18,32,37.0,20.0,23.0,84.0,35.94,7,584
GSW,IND,2020-01-24,33,0,22,8,19,44.0,21.0,35.0,84.0,36.620000000000005,5,637
UTA,DAL,2020-01-25,17,2,23,15,32,28.0,40.0,15.0,88.0,34.51,2,501
DET,BKN,2020-01-25,22,1,24,21,40,17.0,23.0,27.0,104.0,38.510000000000005,5,569
CLE,CHI,2020-01-25,34,1,20,25,30,43.0,22.0,24.0,108.0,35.29,8,585
MIN,OKC,2020-01-25,32,0,22,10,18,28.0,13.0,6.0,90.0,35.730000000000004,7,616
PHI,LAL,2020-01-25,30,2,15,19,37,64.0,14.0,33.0,90.0,34.39,2,500
DEN,HOU,2020-01-26,21,1,15,11,27,24.0,27.0,17.0,100.0,34.49,4,540
SAS,TOR,2020-01-26,25,0,7,19,37,34.0,29.0,29.0,72.0,35.879999999999995,10,650
NYK,BKN,2020-01-26,13,1,25,13,40,35.0,31.0,16.0,100.0,34.120000000000005,3,551
NOP,BOS,2020-01-26,28,5,25,13,28,41.0,26.0,31.0,108.0,36.370000000000005,10,601
ORL,LAC,2020-01-26,32,0,20,22,33,31.0,34.0,15.0,84.0,35.58,3,566
MEM,PHO,2020-01-26,41,0,20,18,33,45.0,29.0,37.0,104.0,37.8,5,596
ATL,WAS,2020-01-26,26,0,25,14,54,34.0,28.0,26.0,112.0,36.769999999999996,6,552
POR,IND,2020-01-26,29,1,30,10,18,22.0,30.0,18.0,104.0,35.51,8,576
DET,CLE,2020-01-27,32,3,22,14,25,26.0,37.0,15.0,106.0,34.89,3,572
MIA,ORL,2020-01-27,21,0,22,12,32,18.0,18.0,24.0,86.0,34.489999999999995,4,569
OKC,DAL,2020-01-27,14,4,21,15,27,7.0,22.0,18.0,72.0,34.349999999999994,4,572
MIN,SAC,2020-01-27,25,1,20,13,34,41.0,28.0,22.0,78.0,38.36,2,647
CHI,SAS,2020-01-27,25,3,14,12,32,28.0,34.0,13.0,98.0,36.39,7,589
UTA,HOU,2020-01-27,19,1,20,10,34,43.0,29.0,30.0,96.0,35.760000000000005,4,510
PHI,GSW,2020-01-28,33,0,24,9,32,37.0,15.0,35.0,88.0,35.95,6,644
CHO,NYK,2020-01-28,22,0,18,13,34,39.0,22.0,19.0,90.0,35.45,7,614
TOR,ATL,2020-01-28,41,0,13,12,27,43.0,20.0,45.0,110.0,37.55,4,597
CLE,NOP,2020-01-28,43,0,21,21,41,34.0,22.0,22.0,114.0,36.019999999999996,2,577
MIA,BOS,2020-01-28,27,3,20,13,29,27.0,36.0,29.0,82.0,35.53,6,546
MEM,DEN,2020-01-28,44,0,10,14,21,25.0,19.0,28.0,98.0,35.81,8,629
MIL,WAS,2020-01-28,17,3,25,13,38,38.0,35.0,43.0,88.0,37.120000000000005,8,602
DAL,PHO,2020-01-28,23,0,17,14,24,34.0,17.0,35.0,112.0,35.33,5,586
IND,CHI,2020-01-29,37,2,22,11,25,47.0,19.0,31.0,142.0,38.59,5,646
BKN,DET,2020-01-29,27,0,24,16,34,28.0,19.0,34.0,104.0,35.75,9,551
NYK,MEM,2020-01-29,24,1,28,7,38,39.0,26.0,14.0,106.0,35.71,2,571
SAS,UTA,2020-01-29,24,1,28,11,40,13.0,26.0,32.0,82.0,36.81,5,550
POR,HOU,2020-01-29,37,1,10,18,24,29.0,25.0,31.0,92.0,33.66,10,501
SAC,OKC,2020-01-29,34,1,24,19,25,32.0,31.0,33.0,96.0,35.71,10,587
WAS,CHO,2020-01-30,23,5,11,11,30,31.0,40.0,27.0,108.0,35.75,8,600
CLE,TOR,2020-01-30,34,1,14,16,37,40.0,26.0,21.0,96.0,34.67,6,595
ATL,PHI,2020-01-30,37,1,17,15,45,28.0,26.0,24.0,106.0,36.66,5,585
BOS,GSW,2020-01-30,48,1,24,22,21,42.0,20.0,36.0,72.0,36.3,5,644
LAC,SAC,2020-01-30,37,0,20,18,20,32.0,22.0,31.0,78.0,36.959999999999994,6,576
DEN,UTA,2020-01-30,29,0,18,19,50,32.0,22.0,22.0,76.0,34.57,3,581
DET,TOR,2020-01-31,36,0,13,18,37,31.0,20.0,20.0,94.0,34.709999999999994,9,598
BKN,CHI,2020-01-31,25,1,16,6,27,41.0,19.0,39.0,112.0,35.95,8,557
HOU,DAL,2020-01-31,32,2,3,15,16,24.0,36.0,26.0,98.0,34.489999999999995,9,538
NOP,MEM,2020-01-31,37,3,24,14,33,40.0,35.0,28.0,134.0,36.67,4,629
MIL,DEN,2020-01-31,27,3,27,18,46,19.0,20.0,33.0,92.0,36.64,3,585
PHO,OKC,2020-01-31,36,2,17,20,21,40.0,27.0,23.0,90.0,34.650000000000006,7,542
LAL,POR,2020-01-31,37,0,19,13,33,25.0,42.0,66.0,120.0,35.18,6,515
LAC,MIN,2020-02-01,36,2,15,14,29,27.0,21.0,39.0,108.0,36.83,5,600
ORL,MIA,2020-02-01,24,2,22,14,31,29.0,13.0,8.0,72.0,33.989999999999995,2,573
IND,NYK,2020-02-01,33,3,17,12,37,26.0,23.0,13.0,68.0,34.510000000000005,3,580
WAS,BKN,2020-02-01,19,2,20,14,44,32.0,36.0,19.0,96.0,35.58,8,576
CLE,GSW,2020-02-01,23,2,25,9,21,29.0,25.0,35.0,98.0,35.269999999999996,7,626
DAL,ATL,2020-02-01,29,1,17,13,42,25.0,29.0,37.0,88.0,36.06,4,543
BOS,PHI,2020-02-01,32,1,15,20,29,23.0,33.0,33.0,92.0,34.69,7,538
SAS,CHO,2020-02-01,25,2,14,17,32,37.0,22.0,19.0,102.0,36.3,12,636
SAC,LAL,2020-02-01,30,1,13,16,41,36.0,29.0,51.0,84.0,36.099999999999994,7,611
POR,UTA,2020-02-01,28,0,33,13,27,24.0,31.0,29.0,86.0,35.269999999999996,2,521
DET,DEN,2020-02-02,35,0,19,19,21,15.0,31.0,19.0,110.0,38.58,4,656
HOU,NOP,2020-02-02,34,0,18,24,34,33.0,28.0,26.0,106.0,35.81,11,555
MIL,PHO,2020-02-02,22,2,23,18,44,25.0,34.0,35.0,102.0,36.93,8,579
TOR,CHI,2020-02-02,29,2,11,17,40,33.0,27.0,33.0,96.0,35.9,6,609
IND,DAL,2020-02-03,22,1,21,8,34,15.0,32.0,19.0,86.0,34.99,6,589
WAS,GSW,2020-02-03,23,3,18,11,24,23.0,20.0,20.0,88.0,37.13,10,671
CLE,NYK,2020-02-03,28,2,23,10,39,38.0,21.0,15.0,120.0,37.53,7,618
CHO,ORL,2020-02-03,22,0,16,12,24,27.0,32.0,25.0,100.0,35.22,12,614
ATL,BOS,2020-02-03,39,3,15,12,41,39.0,34.0,30.0,116.0,34.54,6,527
MIA,PHI,2020-02-03,31,0,26,16,33,28.0,24.0,22.0,88.0,34.55,10,606
BKN,PHO,2020-02-03,29,0,19,7,28,29.0,33.0,30.0,96.0,35.69,5,534
MEM,DET,2020-02-03,34,0,22,16,32,26.0,26.0,25.0,118.0,35.25,1,610
SAC,MIN,2020-02-03,29,0,19,20,35,38.0,30.0,19.0,86.0,34.81,5,589
LAC,SAS,2020-02-03,25,1,26,9,36,14.0,10.0,30.0,80.0,36.010000000000005,9,545
NOP,MIL,2020-02-04,30,0,25,15,48,45.0,28.0,47.0,100.0,37.89,9,616
HOU,CHO,2020-02-04,29,0,4,12,17,25.0,36.0,20.0,96.0,34.22,9,577
DEN,POR,2020-02-04,27,0,17,16,27,23.0,29.0,15.0,100.0,34.480000000000004,4,535
LAL,SAS,2020-02-04,17,2,22,6,35,17.0,32.0,30.0,112.0,35.6,6,543
DET,PHO,2020-02-05,35,0,16,12,22,25.0,25.0,21.0,118.0,35.239999999999995,10,576
BKN,GSW,2020-02-05,17,0,22,9,30,22.0,24.0,24.0,106.0,35.07,7,596
TOR,IND,2020-02-05,26,1,14,17,33,38.0,19.0,38.0,90.0,35.72,4,589
BOS,ORL,2020-02-05,36,1,23,16,40,23.0,22.0,24.0,84.0,34.92,6,546
MIN,ATL,2020-02-05,32,1,19,24,23,49.0,17.0,21.0,122.0,36.06,9,577
OKC,CLE,2020-02-05,20,0,16,8,22,39.0,17.0,24.0,86.0,34.66,8,609
DAL,MEM,2020-02-05,28,3,19,14,39,28.0,23.0,32.0,86.0,35.78,6,583
UTA,DEN,2020-02-05,25,1,22,10,25,30.0,27.0,31.0,84.0,34.47,9,606
LAC,MIA,2020-02-05,27,2,21,11,37,39.0,23.0,21.0,78.0,32.54,5,579
NYK,ORL,2020-02-06,33,2,18,16,43,39.0,27.0,17.0,104.0,35.75,1,580
CHI,NOP,2020-02-06,43,3,20,17,37,46.0,33.0,35.0,124.0,37.72,8,648
MIL,PHI,2020-02-06,30,0,19,20,27,29.0,26.0,30.0,78.0,36.15,2,541
POR,SAS,2020-02-06,20,0,32,13,31,19.0,24.0,26.0,92.0,35.56,7,513
LAL,HOU,2020-02-06,42,1,11,14,38,33.0,17.0,44.0,102.0,34.08,8,570
WAS,DAL,2020-02-07,31,1,17,15,35,37.0,29.0,35.0,88.0,35.980000000000004,5,563
PHI,MEM,2020-02-07,40,3,17,16,24,38.0,18.0,42.0,110.0,36.11,13,558
BOS,ATL,2020-02-07,32,2,16,20,40,34.0,26.0,21.0,72.0,35.019999999999996,8,599
OKC,DET,2020-02-07,25,0,23,14,26,26.0,43.0,2.0,98.0,34.44,8,592
IND,TOR,2020-02-07,29,4,14,15,37,33.0,19.0,33.0,98.0,35.94,4,584
PHO,HOU,2020-02-07,34,0,5,16,14,41.0,22.0,31.0,86.0,34.91,8,587
SAC,MIA,2020-02-07,36,6,11,16,26,42.0,26.0,20.0,84.0,35.230000000000004,9,652
UTA,POR,2020-02-07,26,3,36,14,47,26.0,26.0,28.0,106.0,34.78,5,493
ORL,MIL,2020-02-08,33,0,24,16,28,21.0,9.0,10.0,82.0,36.39,6,552
CHO,DAL,2020-02-08,24,0,17,12,38,31.0,29.0,25.0,88.0,34.58,9,566
DET,NYK,2020-02-08,23,1,17,19,27,29.0,19.0,11.0,92.0,34.010000000000005,6,603
TOR,BKN,2020-02-08,18,0,13,16,35,15.0,30.0,33.0,94.0,35.239999999999995,7,577
IND,NOP,2020-02-08,21,1,27,12,36,27.0,19.0,31.0,96.0,36.79,8,620
MIN,LAC,2020-02-08,36,0,23,5,28,30.0,20.0,10.0,102.0,36.24,4,602
GSW,LAL,2020-02-08,38,1,27,24,48,46.0,33.0,42.0,112.0,36.99,6,620
PHO,DEN,2020-02-08,30,0,23,18,36,36.0,18.0,27.0,104.0,35.5,5,582
SAC,SAS,2020-02-08,26,0,13,12,18,28.0,22.0,22.0,96.0,35.739999999999995,7,585
OKC,BOS,2020-02-09,22,1,27,8,42,28.0,22.0,17.0,74.0,34.510000000000005,4,557
PHI,CHI,2020-02-09,40,1,16,14,33,41.0,39.0,34.0,106.0,36.129999999999995,10,541
WAS,MEM,2020-02-09,28,0,21,16,43,28.0,32.0,31.0,110.0,37.96,6,614
ATL,NYK,2020-02-09,36,2,22,15,34,37.0,42.0,27.0,122.0,43.260000000000005,7,653
HOU,UTA,2020-02-09,26,1,13,13,18,33.0,18.0,15.0,102.0,34.760000000000005,9,524
CLE,LAC,2020-02-09,24,0,29,12,20,37.0,26.0,29.0,114.0,35.78,4,523
POR,MIA,2020-02-09,49,1,28,22,37,33.0,17.0,38.0,62.0,0.0,0,0
ORL,ATL,2020-02-10,26,0,25,8,28,32.0,30.0,29.0,118.0,35.879999999999995,5,553
IND,BKN,2020-02-10,15,0,26,11,43,20.0,21.0,24.0,96.0,35.51,6,586
DET,CHO,2020-02-10,25,3,11,20,33,34.0,36.0,10.0,74.0,34.879999999999995,4,596
TOR,MIN,2020-02-10,42,2,18,20,32,60.0,34.0,45.0,98.0,36.57,7,581
MIL,SAC,2020-02-10,27,2,22,12,34,32.0,27.0,36.0,86.0,38.17,9,586
DAL,UTA,2020-02-10,20,0,19,10,31,33.0,15.0,27.0,88.0,35.510000000000005,10,582
DEN,SAS,2020-02-10,24,0,18,15,29,30.0,26.0,15.0,78.0,35.36,12,591
GSW,MIA,2020-02-10,25,1,20,16,31,29.0,20.0,29.0,80.0,36.75,11,653
LAL,PHO,2020-02-10,24,0,14,17,28,35.0,27.0,37.0,96.0,35.2,6,578
WAS,CHI,2020-02-11,31,4,14,9,24,39.0,34.0,29.0,112.0,37.55,7,605
PHI,LAC,2020-02-11,21,0,28,7,26,15.0,18.0,18.0,94.0,35.09,8,497
NOP,POR,2020-02-11,33,0,20,20,49,39.0,37.0,48.0,126.0,36.83,12,601
OKC,SAS,2020-02-11,31,0,25,11,30,27.0,16.0,10.0,90.0,35.89,3,533
HOU,BOS,2020-02-11,32,2,8,13,33,30.0,20.0,41.0,84.0,34.32,4,489
CLE,ATL,2020-02-12,36,0,12,19,35,44.0,35.0,22.0,112.0,36.39,8,555
ORL,DET,2020-02-12,29,3,24,15,45,38.0,12.0,20.0,90.0,39.61,7,611
IND,MIL,2020-02-12,38,2,26,19,37,51.0,23.0,40.0,96.0,36.56,2,607
BKN,TOR,2020-02-12,19,0,12,13,23,24.0,26.0,33.0,88.0,34.18,7,557
NYK,WAS,2020-02-12,34,0,18,24,40,42.0,32.0,23.0,104.0,37.29,7,620
MIN,CHO,2020-02-12,42,0,16,13,20,28.0,30.0,26.0,98.0,36.95,2,573
MEM,POR,2020-02-12,29,0,20,11,35,31.0,36.0,37.0,108.0,35.55,9,521
DAL,SAC,2020-02-12,21,0,7,8,19,20.0,17.0,36.0,94.0,35.86,7,545
PHO,GSW,2020-02-12,44,1,12,15,26,53.0,18.0,23.0,102.0,36.61,9,618
UTA,MIA,2020-02-12,27,1,26,7,39,30.0,21.0,11.0,94.0,34.95,4,582
DEN,LAL,2020-02-12,30,1,16,13,34,35.0,15.0,21.0,112.0,37.519999999999996,8,639
BOS,LAC,2020-02-13,29,1,29,13,61,29.0,36.0,44.0,110.0,43.18,3,644
NOP,OKC,2020-02-13,33,1,24,16,25,33.0,20.0,29.0,96.0,36.260000000000005,7,620
DET,MIL,2020-02-20,31,1,25,7,37,31.0,26.0,25.0,92.0,35.599999999999994,3,541
ATL,MIA,2020-02-20,25,2,16,19,24,40.0,31.0,27.0,94.0,36.49,8,554
PHI,BKN,2020-02-20,27,0,19,11,29,32.0,34.0,34.0,88.0,38.370000000000005,4,582
CHI,CHO,2020-02-20,37,1,6,11,34,27.0,30.0,20.0,104.0,36.86,8,619
SAC,MEM,2020-02-20,33,1,17,17,40,37.0,21.0,27.0,98.0,37.1,6,580
GSW,HOU,2020-02-20,32,0,13,19,27,48.0,22.0,43.0,96.0,34.84,10,626
WAS,CLE,2020-02-21,38,4,15,16,33,31.0,34.0,13.0,112.0,36.36,5,582
ORL,DAL,2020-02-21,28,1,17,17,25,24.0,24.0,28.0,90.0,35.22,8,519
NYK,IND,2020-02-21,28,2,18,16,43,21.0,28.0,18.0,82.0,35.93,3,584
TOR,PHO,2020-02-21,35,1,7,12,24,42.0,27.0,47.0,98.0,36.28,2,565
MIN,BOS,2020-02-21,38,0,23,12,29,20.0,24.0,29.0,94.0,36.69,6,563
OKC,DEN,2020-02-21,32,0,20,17,22,46.0,24.0,22.0,98.0,34.150000000000006,5,559
UTA,SAS,2020-02-21,28,0,26,16,35,29.0,17.0,27.0,70.0,36.31,6,506
LAL,MEM,2020-02-21,28,2,19,21,36,48.0,37.0,45.0,116.0,36.05,6,574
POR,NOP,2020-02-21,20,0,15,16,30,43.0,40.0,27.0,96.0,35.72,10,587
LAC,SAC,2020-02-22,25,0,21,15,35,38.0,25.0,38.0,92.0,36.32,2,532
CHO,BKN,2020-02-22,27,0,13,14,27,21.0,27.0,32.0,86.0,35.480000000000004,11,587
ATL,DAL,2020-02-22,35,1,10,11,36,32.0,35.0,39.0,116.0,35.81,9,589
MIA,CLE,2020-02-22,36,3,15,13,11,48.0,19.0,33.0,88.0,34.7,5,638
CHI,PHO,2020-02-22,38,3,14,16,29,59.0,38.0,43.0,96.0,37.57,9,572
MIL,PHI,2020-02-22,23,2,16,12,32,34.0,27.0,54.0,82.0,35.91,9,570
UTA,HOU,2020-02-22,24,1,14,9,26,27.0,22.0,29.0,100.0,34.44,5,555
LAL,BOS,2020-02-23,27,0,13,13,39,39.0,26.0,34.0,98.0,35.0,5,525
TOR,IND,2020-02-23,49,1,13,16,34,35.0,27.0,46.0,92.0,36.489999999999995,11,673
DEN,MIN,2020-02-23,33,2,17,15,25,49.0,28.0,37.0,126.0,35.59,3,611
OKC,SAS,2020-02-23,26,1,24,15,29,29.0,31.0,16.0,116.0,36.44,6,534
CHI,WAS,2020-02-23,45,5,17,19,45,49.0,16.0,47.0,90.0,37.33,6,615
GSW,NOP,2020-02-23,29,1,13,10,25,32.0,33.0,40.0,98.0,36.58,9,660
POR,DET,2020-02-23,27,0,27,11,31,29.0,28.0,41.0,80.0,34.400000000000006,3,538
PHI,ATL,2020-02-24,25,1,11,18,38,41.0,38.0,39.0,114.0,36.34,7,558
CLE,MIA,2020-02-24,23,0,23,22,23,40.0,33.0,16.0,94.0,38.74,5,669
WAS,MIL,2020-02-24,25,4,34,23,44,47.0,17.0,28.0,80.0,40.83,9,650
BKN,ORL,2020-02-24,21,1,27,6,46,30.0,24.0,16.0,110.0,35.379999999999995,3,567
HOU,NYK,2020-02-24,42,1,10,22,36,33.0,22.0,41.0,102.0,35.17,6,532
DAL,MIN,2020-02-24,22,0,26,16,41,25.0,36.0,46.0,104.0,36.99,6,549
UTA,PHO,2020-02-24,28,0,19,9,19,47.0,26.0,31.0,106.0,36.2,6,527
LAC,MEM,2020-02-24,31,1,19,13,34,30.0,21.0,41.0,98.0,36.040000000000006,5,580
IND,CHO,2020-02-25,22,0,17,12,37,26.0,23.0,34.0,96.0,37.260000000000005,7,632
TOR,MIL,2020-02-25,35,4,17,14,44,24.0,20.0,25.0,50.0,35.730000000000004,7,571
CHI,OKC,2020-02-25,43,1,22,19,43,34.0,32.0,21.0,96.0,35.93,10,552
DEN,DET,2020-02-25,34,1,18,13,29,33.0,29.0,17.0,92.0,34.43,6,616
POR,BOS,2020-02-25,24,0,30,10,36,35.0,16.0,49.0,80.0,34.7,3,514
LAL,NOP,2020-02-25,38,0,19,16,23,45.0,24.0,65.0,110.0,37.19,2,627
GSW,SAC,2020-02-25,33,1,20,11,23,27.0,15.0,24.0,106.0,36.86,5,652
WAS,BKN,2020-02-26,26,3,21,14,35,36.0,27.0,22.0,74.0,36.75,3,595
CHO,NYK,2020-02-26,28,1,19,20,36,33.0,33.0,15.0,114.0,35.45,9,587
CLE,PHI,2020-02-26,32,0,18,14,44,27.0,15.0,15.0,88.0,34.22,4,551
MIA,MIN,2020-02-26,36,2,21,15,28,48.0,24.0,35.0,110.0,36.93,6,621
ATL,ORL,2020-02-26,22,1,16,14,28,32.0,29.0,31.0,112.0,36.58,10,530
HOU,MEM,2020-02-26,26,4,12,13,36,51.0,37.0,39.0,102.0,35.08,7,548
SAS,DAL,2020-02-26,33,3,10,9,22,45.0,24.0,23.0,80.0,36.17,8,539
PHO,LAC,2020-02-26,30,1,19,16,33,31.0,22.0,14.0,66.0,35.29,4,590
UTA,BOS,2020-02-26,19,0,18,11,48,26.0,43.0,20.0,102.0,33.269999999999996,8,541
PHI,NYK,2020-02-27,17,1,26,16,27,19.0,25.0,9.0,104.0,34.38,5,556
IND,POR,2020-02-27,36,1,23,11,16,30.0,33.0,34.0,98.0,35.46,1,485
OKC,SAC,2020-02-27,27,0,24,18,32,30.0,25.0,8.0,104.0,34.480000000000004,4,551
GSW,LAL,2020-02-27,34,1,27,10,37,32.0,10.0,39.0,100.0,36.56,7,627
ORL,MIN,2020-02-28,32,1,32,15,27,35.0,26.0,13.0,116.0,37.519999999999996,11,597
ATL,BKN,2020-02-28,23,1,24,12,40,31.0,28.0,34.0,92.0,35.44,5,564
TOR,CHO,2020-02-28,27,1,7,19,53,29.0,22.0,46.0,80.0,35.5,4,559
NOP,CLE,2020-02-28,33,4,16,10,29,31.0,30.0,39.0,128.0,35.42,10,601
MIA,DAL,2020-02-28,28,2,22,6,28,17.0,17.0,18.0,70.0,34.45,8,660
MIL,OKC,2020-02-28,19,3,23,8,44,43.0,19.0,33.0,96.0,36.72,7,587
MEM,SAC,2020-02-28,34,0,12,14,23,26.0,17.0,42.0,106.0,36.16,9,577
PHO,DET,2020-02-28,27,0,26,14,33,40.0,24.0,24.0,118.0,35.41,4,538
UTA,WAS,2020-02-28,27,0,20,22,42,26.0,31.0,20.0,96.0,36.3,8,571
LAC,DEN,2020-02-28,29,3,20,15,24,40.0,39.0,25.0,98.0,35.11,10,602
NYK,CHI,2020-02-29,36,0,9,15,36,36.0,51.0,11.0,116.0,35.82,2,577
MIA,BKN,2020-02-29,15,2,22,10,37,13.0,39.0,10.0,92.0,35.36,7,585
ATL,POR,2020-02-29,16,1,19,8,26,44.0,34.0,42.0,100.0,35.06,6,531
CLE,IND,2020-02-29,45,2,30,10,21,32.0,12.0,32.0,122.0,35.120000000000005,8,591
MEM,LAL,2020-02-29,28,3,27,22,31,38.0,28.0,25.0,90.0,34.5,8,599
BOS,HOU,2020-02-29,34,3,6,14,37,29.0,21.0,32.0,94.0,36.879999999999995,5,524
SAS,ORL,2020-02-29,26,1,25,13,17,39.0,15.0,33.0,90.0,36.41,4,568
PHO,GSW,2020-02-29,32,0,12,13,22,32.0,36.0,20.0,92.0,36.43000000000001,10,586
CHO,MIL,2020-03-01,36,2,19,18,47,27.0,29.0,19.0,94.0,35.879999999999995,8,600
MIN,DAL,2020-03-01,33,2,15,13,24,29.0,26.0,29.0,84.0,35.72,9,599
LAC,PHI,2020-03-01,26,2,33,18,36,36.0,29.0,25.0,102.0,35.29,5,527
SAC,DET,2020-03-01,24,0,21,12,35,26.0,26.0,29.0,82.0,35.91,4,559
DEN,TOR,2020-03-01,25,4,10,12,28,39.0,22.0,25.0,116.0,34.51,16,580
NOP,LAL,2020-03-01,28,1,10,11,35,26.0,27.0,55.0,124.0,36.36,6,594
GSW,WAS,2020-03-01,28,1,17,14,21,43.0,21.0,35.0,92.0,37.03,3,591
NYK,HOU,2020-03-02,20,2,11,17,27,38.0,33.0,19.0,100.0,35.35,8,561
ORL,POR,2020-03-02,27,1,36,12,30,17.0,28.0,29.0,72.0,35.239999999999995,6,526
CLE,UTA,2020-03-02,27,1,24,14,48,29.0,24.0,25.0,92.0,34.86,3,576
ATL,MEM,2020-03-02,30,0,12,15,23,31.0,40.0,21.0,96.0,36.7,7,602
MIA,MIL,2020-03-02,21,2,15,9,32,22.0,21.0,13.0,76.0,34.58,7,581
CHI,DAL,2020-03-02,38,2,21,11,36,31.0,33.0,15.0,110.0,35.78,8,575
SAS,IND,2020-03-02,31,2,18,17,28,39.0,12.0,24.0,84.0,34.5,3,574
CHO,SAS,2020-03-03,29,1,12,15,31,33.0,24.0,17.0,84.0,35.43,8,594
BOS,BKN,2020-03-03,24,2,29,17,41,36.0,46.0,19.0,104.0,38.72,4,638
OKC,LAC,2020-03-03,30,1,25,10,13,39.0,13.0,13.0,76.0,34.66,5,513
NOP,MIN,2020-03-03,37,2,20,13,31,41.0,37.0,48.0,140.0,37.32,7,644
DEN,GSW,2020-03-03,27,2,15,10,27,39.0,33.0,16.0,104.0,35.16,5,611
PHO,TOR,2020-03-03,32,0,12,14,18,40.0,19.0,40.0,90.0,36.980000000000004,5,574
LAL,PHI,2020-03-03,38,0,17,14,34,43.0,28.0,48.0,96.0,35.129999999999995,11,601
SAC,WAS,2020-03-03,37,1,14,23,30,44.0,13.0,39.0,110.0,37.55,6,562
CLE,BOS,2020-03-04,29,0,17,19,41,29.0,32.0,20.0,92.0,34.09,4,578
MIL,IND,2020-03-04,30,0,28,14,31,50.0,20.0,51.0,100.0,38.05,5,599
DET,OKC,2020-03-04,27,0,25,11,21,47.0,18.0,16.0,98.0,34.57,7,566
BKN,MEM,2020-03-04,27,1,17,22,52,26.0,31.0,41.0,82.0,34.5,5,584
MIA,ORL,2020-03-04,30,0,17,17,15,33.0,13.0,31.0,88.0,34.56,8,576
NYK,UTA,2020-03-04,20,2,24,14,33,29.0,21.0,9.0,116.0,34.989999999999995,2,597
MIN,CHI,2020-03-04,31,1,22,8,29,41.0,27.0,17.0,90.0,36.0,5,603
DAL,NOP,2020-03-04,21,0,15,10,44,31.0,30.0,21.0,86.0,0.0,0,0
POR,WAS,2020-03-04,34,2,19,17,19,26.0,24.0,33.0,96.0,35.53,1,580
CHO,DEN,2020-03-05,29,0,15,11,24,33.0,31.0,25.0,100.0,35.29,5,626
HOU,LAC,2020-03-05,17,0,11,14,30,33.0,36.0,39.0,98.0,35.42,3,514
SAC,PHI,2020-03-05,21,2,22,18,28,38.0,17.0,27.0,108.0,34.9,8,556
GSW,TOR,2020-03-05,19,1,15,11,33,30.0,21.0,48.0,82.0,37.53,8,630
WAS,ATL,2020-03-06,31,3,14,13,29,36.0,22.0,35.0,94.0,36.290000000000006,4,616
NYK,OKC,2020-03-06,37,0,11,12,28,17.0,35.0,13.0,122.0,34.31,5,550
BKN,SAS,2020-03-06,15,2,25,8,39,19.0,25.0,27.0,114.0,36.83,5,535
CHI,IND,2020-03-06,35,1,14,19,29,46.0,24.0,34.0,104.0,36.68,1,607
NOP,MIA,2020-03-06,31,0,15,10,29,38.0,31.0,39.0,88.0,36.84,9,668
MIN,ORL,2020-03-06,32,1,26,15,26,24.0,22.0,23.0,132.0,36.620000000000005,7,549
BOS,UTA,2020-03-06,28,3,21,13,36,28.0,27.0,24.0,72.0,34.120000000000005,3,583
DAL,MEM,2020-03-06,25,0,26,18,37,38.0,29.0,43.0,98.0,35.14,8,575
PHO,POR,2020-03-06,31,2,17,13,21,46.0,29.0,37.0,90.0,34.95,5,519
LAL,MIL,2020-03-06,28,5,12,13,34,37.0,12.0,47.0,96.0,36.760000000000005,8,545
CHO,HOU,2020-03-07,29,3,8,10,36,45.0,15.0,21.0,80.0,33.93,3,574
DET,UTA,2020-03-07,32,1,16,16,31,23.0,28.0,23.0,114.0,34.83,2,573
CLE,DEN,2020-03-07,39,4,15,21,18,45.0,18.0,28.0,88.0,33.8,9,580
MEM,ATL,2020-03-07,38,1,13,14,45,32.0,30.0,38.0,84.0,36.21,8,595
GSW,PHI,2020-03-07,20,1,28,11,45,27.0,23.0,14.0,112.0,35.26,11,619
POR,SAC,2020-03-07,29,0,14,13,28,31.0,26.0,36.0,86.0,35.37,6,523
BKN,CHI,2020-03-08,28,2,30,16,35,34.0,9.0,25.0,88.0,35.95,1,586
LAC,LAL,2020-03-08,29,4,21,14,56,40.0,31.0,26.0,82.0,34.3,4,491
MIN,NOP,2020-03-08,37,2,14,20,39,44.0,14.0,35.0,124.0,37.629999999999995,8,649
PHO,MIL,2020-03-08,28,1,22,15,26,35.0,23.0,24.0,108.0,36.43,8,547
BOS,OKC,2020-03-08,33,4,22,17,28,36.0,23.0,36.0,54.0,35.07,1,539
DAL,IND,2020-03-08,26,1,28,10,45,13.0,12.0,38.0,108.0,35.9,7,555
WAS,MIA,2020-03-08,36,0,18,21,43,39.0,7.0,18.0,50.0,35.05,6,592
HOU,ORL,2020-03-08,25,1,10,21,39,47.0,31.0,27.0,110.0,35.05,7,511
NYK,DET,2020-03-08,29,0,12,14,42,25.0,26.0,12.0,86.0,34.980000000000004,3,607
CLE,SAS,2020-03-08,28,1,15,14,23,30.0,34.0,26.0,104.0,39.97,5,566
SAC,TOR,2020-03-08,30,1,18,10,32,28.0,19.0,40.0,96.0,0.0,0,0
ATL,CHO,2020-03-09,31,2,27,17,37,25.0,26.0,18.0,108.0,41.64,9,696
DEN,MIL,2020-03-09,23,2,15,13,14,33.0,23.0,32.0,62.0,35.519999999999996,11,604
UTA,TOR,2020-03-09,29,1,18,11,28,32.0,22.0,29.0,74.0,33.59,7,565
IND,BOS,2020-03-10,32,0,20,12,28,29.0,35.0,28.0,104.0,35.13,6,565
WAS,NYK,2020-03-10,37,1,13,14,34,50.0,29.0,19.0,88.0,36.959999999999994,3,611
CHI,CLE,2020-03-10,38,1,20,18,23,52.0,31.0,22.0,122.0,35.1,0,563
SAS,DAL,2020-03-10,22,0,24,16,19,40.0,29.0,31.0,72.0,34.86,9,539
HOU,MIN,2020-03-10,34,2,11,14,32,38.0,14.0,30.0,96.0,34.010000000000005,8,536
MEM,ORL,2020-03-10,33,5,23,11,32,43.0,31.0,27.0,98.0,35.94,5,578
POR,PHO,2020-03-10,30,0,19,15,28,27.0,21.0,27.0,74.0,35.239999999999995,10,482
LAL,BKN,2020-03-10,27,0,13,16,37,34.0,22.0,32.0,78.0,34.48,8,516
GSW,LAC,2020-03-10,19,0,26,5,16,36.0,21.0,27.0,86.0,36.14,11,612
PHI,DET,2020-03-11,33,0,16,19,34,27.0,27.0,24.0,98.0,35.150000000000006,5,558
MIA,CHO,2020-03-11,25,1,9,20,26,37.0,26.0,24.0,82.0,34.41,5,649
ATL,NYK,2020-03-11,35,0,16,20,38,37.0,27.0,41.0,120.0,40.1,12,643
DAL,DEN,2020-03-11,20,1,12,10,19,30.0,20.0,34.0,98.0,34.22,4,548
NOP,UTA,2020-07-30,32,3,29,10,47,34.0,39.0,14.0,104.0,37.04,4,575
LAL,LAC,2020-07-30,20,2,22,8,49,43.0,15.0,17.0,64.0,35.24,2,522
BKN,ORL,2020-07-31,16,0,27,15,45,22.0,20.0,15.0,94.0,36.89,8,591
POR,MEM,2020-07-31,39,1,30,25,43,38.0,31.0,26.0,104.0,39.71,7,620
WAS,PHO,2020-07-31,31,2,24,15,31,47.0,16.0,41.0,98.0,38.14,2,595
MIL,BOS,2020-07-31,23,2,15,23,49,40.0,15.0,34.0,86.0,36.49,1,547
SAS,SAC,2020-07-31,30,5,32,25,27,41.0,23.0,39.0,112.0,37.82,5,565
DAL,HOU,2020-07-31,37,3,9,12,21,30.0,35.0,27.0,108.0,38.400000000000006,12,556
DEN,MIA,2020-08-01,31,2,19,10,40,52.0,26.0,21.0,100.0,35.97,5,642
OKC,UTA,2020-08-01,24,0,20,10,48,37.0,21.0,26.0,96.0,35.11,6,544
LAC,NOP,2020-08-01,23,1,21,10,40,55.0,28.0,8.0,66.0,37.379999999999995,7,619
IND,PHI,2020-08-01,30,2,22,16,16,43.0,37.0,28.0,112.0,36.15,4,549
TOR,LAL,2020-08-01,31,4,10,19,29,32.0,16.0,28.0,74.0,35.0,7,620
BKN,WAS,2020-08-02,25,2,23,19,64,35.0,14.0,24.0,94.0,36.900000000000006,5,620
BOS,POR,2020-08-02,25,0,23,16,43,32.0,25.0,23.0,78.0,34.67,5,543
MEM,SAS,2020-08-02,37,3,22,14,27,35.0,14.0,14.0,92.0,37.25,4,572
ORL,SAC,2020-08-02,38,2,22,14,31,48.0,26.0,23.0,94.0,37.58,7,571
HOU,MIL,2020-08-02,30,4,9,21,32,47.0,37.0,25.0,78.0,35.53,5,502
PHO,DAL,2020-08-02,23,1,18,16,34,17.0,22.0,24.0,100.0,37.03,4,526
MIA,TOR,2020-08-03,35,2,9,15,28,32.0,20.0,28.0,58.0,34.85,10,618
OKC,DEN,2020-08-03,21,0,23,14,27,35.0,22.0,24.0,78.0,38.8,8,637
WAS,IND,2020-08-03,25,0,23,9,24,34.0,29.0,29.0,106.0,36.18,2,606
NOP,MEM,2020-08-03,29,2,12,20,42,28.0,21.0,30.0,90.0,36.519999999999996,7,635
PHI,SAS,2020-08-03,24,3,23,19,40,29.0,34.0,16.0,98.0,37.18,9,543
UTA,LAL,2020-08-03,32,0,17,15,56,38.0,18.0,28.0,102.0,35.769999999999996,7,594
MIL,BKN,2020-08-04,19,2,17,9,29,34.0,18.0,38.0,80.0,36.730000000000004,9,644
SAC,DAL,2020-08-04,22,0,14,6,46,23.0,33.0,12.0,78.0,39.89,5,616
LAC,PHO,2020-08-04,23,1,23,8,26,17.0,22.0,22.0,84.0,36.0,2,538
IND,ORL,2020-08-04,21,2,13,4,35,35.0,18.0,26.0,96.0,35.58,9,549
MIA,BOS,2020-08-04,31,3,14,21,37,36.0,43.0,7.0,82.0,35.25,6,596
POR,HOU,2020-08-04,33,1,7,13,41,20.0,22.0,25.0,72.0,33.94,6,496
UTA,MEM,2020-08-05,19,2,22,10,40,38.0,27.0,11.0,92.0,36.849999999999994,3,605
SAS,DEN,2020-08-05,21,2,14,11,31,32.0,34.0,18.0,112.0,37.09,7,603
WAS,PHI,2020-08-05,28,0,18,20,38,23.0,19.0,16.0,82.0,36.46,6,560
LAL,OKC,2020-08-05,32,1,15,21,37,30.0,17.0,31.0,90.0,35.620000000000005,2,512
ORL,TOR,2020-08-05,29,2,12,14,41,21.0,13.0,29.0,90.0,36.14,11,628
BOS,BKN,2020-08-05,29,2,25,19,43,34.0,23.0,24.0,120.0,36.57,8,564
SAC,NOP,2020-08-06,23,2,36,14,35,35.0,30.0,6.0,110.0,37.129999999999995,2,606
PHO,IND,2020-08-06,30,0,18,13,32,36.0,13.0,23.0,96.0,36.55,6,562
MIL,MIA,2020-08-06,22,1,17,10,24,53.0,18.0,31.0,58.0,36.83,3,610
DAL,LAC,2020-08-06,25,0,29,19,39,13.0,32.0,5.0,94.0,35.0,8,533
DEN,POR,2020-08-06,29,0,10,9,31,38.0,18.0,11.0,84.0,34.05,6,542
HOU,LAL,2020-08-06,41,2,5,8,35,53.0,27.0,22.0,88.0,34.769999999999996,8,563
SAS,UTA,2020-08-07,27,1,22,20,34,26.0,12.0,19.0,98.0,37.629999999999995,3,540
MEM,OKC,2020-08-07,27,2,24,14,36,26.0,28.0,16.0,92.0,35.04,6,575
BKN,SAC,2020-08-07,24,1,28,16,28,32.0,28.0,10.0,78.0,36.349999999999994,4,592
PHI,ORL,2020-08-07,25,2,28,16,47,15.0,34.0,18.0,102.0,35.57,5,518
NOP,WAS,2020-08-07,43,1,20,9,31,40.0,26.0,43.0,92.0,37.84,10,645
TOR,BOS,2020-08-07,38,2,17,9,32,37.0,21.0,32.0,104.0,36.09,8,619
POR,LAC,2020-08-08,24,3,29,14,40,29.0,35.0,14.0,84.0,34.510000000000005,10,533
DEN,UTA,2020-08-08,24,2,27,18,63,38.0,32.0,28.0,108.0,42.55,9,729
IND,LAL,2020-08-08,33,1,24,10,29,41.0,30.0,37.0,106.0,35.57,7,574
MIA,PHO,2020-08-08,26,3,20,12,43,25.0,27.0,34.0,106.0,36.72,5,606
DAL,MIL,2020-08-08,16,1,19,19,40,25.0,28.0,35.0,102.0,39.43000000000001,6,620
OKC,WAS,2020-08-09,26,0,11,11,34,29.0,30.0,23.0,90.0,35.79,4,658
TOR,MEM,2020-08-09,33,4,13,21,33,42.0,23.0,19.0,74.0,36.040000000000006,5,626
NOP,SAS,2020-08-09,26,3,26,21,36,51.0,42.0,26.0,90.0,38.28,10,577
BOS,ORL,2020-08-09,30,0,20,11,25,39.0,34.0,28.0,98.0,40.04,2,641
POR,PHI,2020-08-09,35,0,29,11,40,23.0,31.0,18.0,106.0,35.4,5,466
SAC,HOU,2020-08-09,32,2,10,18,25,36.0,11.0,20.0,108.0,36.75,5,558
LAC,BKN,2020-08-09,30,1,12,9,38,33.0,30.0,33.0,96.0,35.9,9,585
PHO,OKC,2020-08-10,40,4,12,14,33,44.0,27.0,36.0,72.0,36.43,7,548
UTA,DAL,2020-08-10,21,0,29,7,30,32.0,30.0,17.0,86.0,35.9,6,629
MIL,TOR,2020-08-10,28,1,24,20,47,39.0,31.0,18.0,76.0,37.239999999999995,8,629
MIA,IND,2020-08-10,26,1,18,22,25,30.0,41.0,24.0,96.0,36.11,6,551
LAL,DEN,2020-08-10,23,0,15,12,33,35.0,34.0,25.0,110.0,33.71,8,589
ORL,BKN,2020-08-11,28,1,15,8,31,31.0,20.0,27.0,80.0,36.67,6,530
SAS,HOU,2020-08-11,31,3,12,12,23,56.0,21.0,26.0,90.0,37.24,10,546
PHI,PHO,2020-08-11,15,0,27,8,33,30.0,30.0,18.0,120.0,35.19,4,516
MEM,BOS,2020-08-11,24,0,14,23,29,22.0,29.0,20.0,84.0,35.370000000000005,4,601
DAL,POR,2020-08-11,26,0,28,10,47,31.0,22.0,17.0,86.0,35.41,4,519
WAS,MIL,2020-08-11,18,2,21,11,43,26.0,24.0,23.0,86.0,37.78,5,659
SAC,NOP,2020-08-11,29,2,15,6,13,37.0,24.0,20.0,116.0,36.0,6,631
HOU,IND,2020-08-12,26,4,5,14,22,45.0,31.0,23.0,78.0,35.980000000000004,6,518
PHI,TOR,2020-08-12,26,0,16,21,57,27.0,25.0,25.0,76.0,37.31,6,597
OKC,MIA,2020-08-12,32,1,20,16,35,31.0,28.0,19.0,78.0,36.480000000000004,10,586
DEN,LAC,2020-08-12,30,0,17,10,24,29.0,26.0,21.0,94.0,35.6,9,575
